"location","source","target","id","fuzzy","context","translator_comments","developer_comments"
"SCRIPTS/CONTENT/gothic.d:4040","Cavalorn może mi pokazać, jak korzystać z łuku oraz jak się skradać.","Cavalorn może mi pokazać, jak korzystać z łuku oraz jak się skradać.","","","logtext_addon_cavalorn_teach","",""
"SCRIPTS/CONTENT/gothic.d:4041","Mag Wody, Cronos, ma kilka interesujących przedmiotów, które może mi sprzedać.","Mag Wody, Cronos, ma kilka interesujących przedmiotów, które może mi sprzedać.","","","logtext_addon_cronostrade","",""
"SCRIPTS/CONTENT/gothic.d:4042","Kupiec Erol może sprzedać mi różne rzeczy. Jego chata znajduje się pomiędzy karczmą 'Martwa Harpia', a farmą Onara.","Kupiec Erol może sprzedać mi różne rzeczy. Jego chata znajduje się pomiędzy karczmą 'Martwa Harpia', a farmą Onara.","","","logtext_addon_eroltrade","",""
"SCRIPTS/CONTENT/gothic.d:4043","Kupiec Erol może mi pokazać, jak stać się silniejszym.","Kupiec Erol może mi pokazać, jak stać się silniejszym.","","","logtext_addon_erol_teach","",""
"SCRIPTS/CONTENT/gothic.d:4044","Tylko Mag Wody może wprowadzić kogoś do Wodnego Kręgu.","Tylko Mag Wody może wprowadzić kogoś do Wodnego Kręgu.","","","logtext_addon_kdwright","",""
"SCRIPTS/CONTENT/gothic.d:4045","Nauczyłem się języka wieśniaków. To podstawowy język ludu budowniczych.","Nauczyłem się języka wieśniaków. To podstawowy język ludu budowniczych.","","","logtext_addon_language_1","",""
"SCRIPTS/CONTENT/gothic.d:4046","Nauczyłem się języka wojowników.","Nauczyłem się języka wojowników.","","","logtext_addon_language_2","",""
"SCRIPTS/CONTENT/gothic.d:4047","Nauczyłem się języka kapłanów.","Nauczyłem się języka kapłanów.","","","logtext_addon_language_3","",""
"SCRIPTS/CONTENT/gothic.d:4048","Martin, kwatermistrz paladynów, może sprzedać mi rzeczy z ich magazynu.","Martin, kwatermistrz paladynów, może sprzedać mi rzeczy z ich magazynu.","","","logtext_addon_martintrade","",""
"SCRIPTS/CONTENT/gothic.d:4049","Myxir może nauczyć mnie czytać w prastarym języku budowniczych.","Myxir może nauczyć mnie czytać w prastarym języku budowniczych.","","","logtext_addon_myxirteach","",""
"SCRIPTS/CONTENT/gothic.d:4050","Od Nefariusa mogę dowiedzieć się, jak tworzyć runy.","Od Nefariusa mogę dowiedzieć się, jak tworzyć runy.","","","logtext_addon_nefariusteach","",""
"SCRIPTS/CONTENT/gothic.d:4051","Kruk ma kopalnię, w której każe wydobywać złoto niewolnikom.","Kruk ma kopalnię, w której każe wydobywać złoto niewolnikom.","","","logtext_addon_ravensgoldmine","",""
"SCRIPTS/CONTENT/gothic.d:4052","W świątyni Adanosa władcy Jarkendaru wybudowali trzy komnaty pełne zabójczych pułapek, które miały zatrzymać każdego intruza. Kluczem do nich są barwne relikty budowniczych.","W świątyni Adanosa władcy Jarkendaru wybudowali trzy komnaty pełne zabójczych pułapek, które miały zatrzymać każdego intruza. Kluczem do nich są barwne relikty budowniczych.","","","logtext_addon_relicts","",""
"SCRIPTS/CONTENT/gothic.d:4053","Riordian może nauczyć mnie sztuki warzenia mikstur.","Riordian może nauczyć mnie sztuki warzenia mikstur.","","","logtext_addon_riordianteachalchemy","",""
"SCRIPTS/CONTENT/gothic.d:4054","Riordian może nauczyć mojego ognika szukania przedmiotów.","Riordian może nauczyć mojego ognika szukania przedmiotów.","","","logtext_addon_riordianteach","",""
"SCRIPTS/CONTENT/gothic.d:4055","Saturas może nauczyć mnie kręgów magii.","Saturas może nauczyć mnie kręgów magii.","","","logtext_addon_saturasteach","",""
"SCRIPTS/CONTENT/gothic.d:4056","Wielu mieszkańców Khorinis zniknęło. Nie wiadomo, co się mogło z nimi stać.","Wielu mieszkańców Khorinis zniknęło. Nie wiadomo, co się mogło z nimi stać.","","","logtext_addon_scknowsmisspeapl","",""
"SCRIPTS/CONTENT/gothic.d:4057","Skip dał mi rum dla Baltrama.","Skip dał mi rum dla Baltrama.","","","logtext_addon_skipsrumtobaltram","",""
"SCRIPTS/CONTENT/gothic.d:4058","Vatras weźmie ode mnie dziwne kamienne tablice, które można znaleźć w tym miejscu. Obiecał, że opłaci mi się to.","Vatras weźmie ode mnie dziwne kamienne tablice, które można znaleźć w tym miejscu. Obiecał, że opłaci mi się to.","","","logtext_addon_vatrastrade","",""
"SCRIPTS/CONTENT/gothic.d:4059","Zwłoki rybaka leżą w ruinach na wschód od obozu Magów Wody.","Zwłoki rybaka leżą w ruinach na wschód od obozu Magów Wody.","","","logtext_addon_williamleiche","",""
"SCRIPTS/CONTENT/gothic.d:4060","Jednym z zaginionych ludzi jest William, rybak z portu w Khorinis.","Jednym z zaginionych ludzi jest William, rybak z portu w Khorinis.","","","logtext_addon_williammissing","",""
"SCRIPTS/CONTENT/gothic.d:4061","Mój ognik może wykryć następujące przedmioty:","Mój ognik może wykryć następujące przedmioty:","","","logtext_addon_wisplearned","",""
"SCRIPTS/CONTENT/gothic.d:4062","Broń dystansową i amunicję","Broń dystansową i amunicję","","","logtext_addon_wisplearned_ff","",""
"SCRIPTS/CONTENT/gothic.d:4063","Żywność i rośliny","Żywność i rośliny","","","logtext_addon_wisplearned_food","",""
"SCRIPTS/CONTENT/gothic.d:4064","Pierścienie i amulety","Pierścienie i amulety","","","logtext_addon_wisplearned_magic","",""
"SCRIPTS/CONTENT/gothic.d:4065","Broń do walki wręcz","Broń do walki wręcz","","","logtext_addon_wisplearned_nf","",""
"SCRIPTS/CONTENT/gothic.d:4066","Złoto, klucze i narzędzia","Złoto, klucze i narzędzia","","","logtext_addon_wisplearned_none","",""
"SCRIPTS/CONTENT/gothic.d:4067","Wszelkiego rodzaju mikstury","Wszelkiego rodzaju mikstury","","","logtext_addon_wisplearned_potions","",""
"SCRIPTS/CONTENT/gothic.d:4068","Runy i zwoje","Runy i zwoje","","","logtext_addon_wisplearned_rune","",""
"SCRIPTS/CONTENT/gothic.d:4069","Brandon może mi pokazać, jak stać się silniejszym i bardziej zwinnym.","Brandon może mi pokazać, jak stać się silniejszym i bardziej zwinnym.","","","log_text_addon_brandonteach","",""
"SCRIPTS/CONTENT/gothic.d:4070","Garret jest kupcem u piratów. Mogę u niego dostać wszystko, z wyjątkiem gorzałki.","Garret jest kupcem u piratów. Mogę u niego dostać wszystko, z wyjątkiem gorzałki.","","","log_text_addon_garetttrade","",""
"SCRIPTS/CONTENT/gothic.d:4071","Henry może mi pokazać, jak walczyć bronią dwuręczną i strzelać z kuszy.","Henry może mi pokazać, jak walczyć bronią dwuręczną i strzelać z kuszy.","","","log_text_addon_henryteach","",""
"SCRIPTS/CONTENT/gothic.d:4072","Morgan może mi pokazać, jak walczyć bronią jednoręczną.","Morgan może mi pokazać, jak walczyć bronią jednoręczną.","","","log_text_addon_morganteach","",""
"SCRIPTS/CONTENT/gothic.d:4073","Samuel jest gorzelnikiem. Może mi sprzedać wszelakie alkohole.","Samuel jest gorzelnikiem. Może mi sprzedać wszelakie alkohole.","","","log_text_addon_samueltrade","",""
"SCRIPTS/CONTENT/gothic.d:4074","Bandyci mają kopalnię złota. A więc dlatego tu przybyli.","Bandyci mają kopalnię złota. A więc dlatego tu przybyli.","","","log_text_addon_scoutbandits","",""
"SCRIPTS/CONTENT/gothic.d:4075","Składniki runy 'Gejzer': 1 akwamaryn","Składniki runy 'Gejzer': 1 akwamaryn","","","log_text_addon_talentrune_geyser","",""
"SCRIPTS/CONTENT/gothic.d:4076","Składniki runy 'Lodowa lanca': 1 kwarcyt","Składniki runy 'Lodowa lanca': 1 kwarcyt","","","log_text_addon_talentrune_icelance","",""
"SCRIPTS/CONTENT/gothic.d:4077","Składniki runy 'Grom': 1 skała krystaliczna i 1 skrzydło","Składniki runy 'Grom': 1 skała krystaliczna i 1 skrzydło","","","log_text_addon_talentrune_thunderstorm","",""
"SCRIPTS/CONTENT/gothic.d:4078","Składniki runy 'Wodna pięść': 1 akwamaryn i 1 skała krystaliczna","Składniki runy 'Wodna pięść': 1 akwamaryn i 1 skała krystaliczna","","","log_text_addon_talentrune_waterfist","",""
"SCRIPTS/CONTENT/gothic.d:4079","Składniki runy 'Wir': 1 skrzydło","Składniki runy 'Wir': 1 skrzydło","","","log_text_addon_talentrune_whirlwind","",""
"SCRIPTS/CONTENT/gothic.d:4080","Złoto dla Brutusa","Złoto dla Brutusa","","","topicbrutuskasse","",""
"SCRIPTS/CONTENT/gothic.d:4081","Angus i Hank","Angus i Hank","","","topic_addon_angushank","",""
"SCRIPTS/CONTENT/gothic.d:4082","Piracki handel","Piracki handel","","","topic_addon_baltramskiptrade","",""
"SCRIPTS/CONTENT/gothic.d:4083","Wieża","Wieża","","","topic_addon_banditstower","",""
"SCRIPTS/CONTENT/gothic.d:4084","Handlarz bronią dla bandytów","Handlarz bronią dla bandytów","","","topic_addon_bandittrader","",""
"SCRIPTS/CONTENT/gothic.d:4085","Znalazłem dokument potwierdzający, że Fernando jest handlarzem bronią, którego szukam.","Znalazłem dokument potwierdzający, że Fernando jest handlarzem bronią, którego szukam.","","","topic_addon_bandittrader_1","",""
"SCRIPTS/CONTENT/gothic.d:4086","Zbroja bandyty","Zbroja bandyty","","","topic_addon_bdtruestung","",""
"SCRIPTS/CONTENT/gothic.d:4087","Nauka w obozie bandytów","Nauka w obozie bandytów","","","topic_addon_bdt_teacher","",""
"SCRIPTS/CONTENT/gothic.d:4088","Handel w obozie bandytów","Handel w obozie bandytów","","","topic_addon_bdt_trader","",""
"SCRIPTS/CONTENT/gothic.d:4089","Napój dla Brandona","Napój dla Brandona","","","topic_addon_brandonbooze","",""
"SCRIPTS/CONTENT/gothic.d:4090","Mięso dla Morgana","Mięso dla Morgana","","","topic_addon_bringmeat","",""
"SCRIPTS/CONTENT/gothic.d:4091","Pomoc dla Laresa","Pomoc dla Laresa","","","topic_addon_bringrangertolares","",""
"SCRIPTS/CONTENT/gothic.d:4092","Złota misa Bromora","Złota misa Bromora","","","topic_addon_bromorsgold","",""
"SCRIPTS/CONTENT/gothic.d:4093","Trzy kamienie – trzech kopaczy","Trzy kamienie – trzech kopaczy","","","topic_addon_buddler","",""
"SCRIPTS/CONTENT/gothic.d:4094","Orkowie w kanionie","Orkowie w kanionie","","","topic_addon_canyonorcs","",""
"SCRIPTS/CONTENT/gothic.d:4095","Stara chata Cavalorna","Stara chata Cavalorna","","","topic_addon_cavalornthehut","",""
"SCRIPTS/CONTENT/gothic.d:4096","W chacie Cavalorna w Górniczej Dolinie znalazłem torbę z bryłką rudy. Ten stary drań na pewno o niej zapomniał.","W chacie Cavalorna w Górniczej Dolinie znalazłem torbę z bryłką rudy. Ten stary drań na pewno o niej zapomniał.","","","topic_addon_cavalornthehut_1","",""
"SCRIPTS/CONTENT/gothic.d:4097","Polowanie na brzytwiaki","Polowanie na brzytwiaki","","","topic_addon_clearcanyon","",""
"SCRIPTS/CONTENT/gothic.d:4098","Napadnięci kupcy","Napadnięci kupcy","","","topic_addon_erol","",""
"SCRIPTS/CONTENT/gothic.d:4099","Próba zabójstwa","Próba zabójstwa","","","topic_addon_esteban","",""
"SCRIPTS/CONTENT/gothic.d:4100","Problemy ze strażą","Problemy ze strażą","","","topic_addon_farimsfish","",""
"SCRIPTS/CONTENT/gothic.d:4101","Paczka pełna wytrychów","Paczka pełna wytrychów","","","topic_addon_fisk","",""
"SCRIPTS/CONTENT/gothic.d:4102","Zatopione miasto","Zatopione miasto","","","topic_addon_flut","",""
"SCRIPTS/CONTENT/gothic.d:4103","Meandry umysłu","Meandry umysłu","","","topic_addon_fortuno","",""
"SCRIPTS/CONTENT/gothic.d:4104","Wejdź (do obozu bandytów)","Wejdź (do obozu bandytów)","","","topic_addon_franco","",""
"SCRIPTS/CONTENT/gothic.d:4105","Człowiek z opaską na oku","Człowiek z opaską na oku","","","topic_addon_greg_nw","",""
"SCRIPTS/CONTENT/gothic.d:4106","Mocna gorzałka","Mocna gorzałka","","","topic_addon_hammer","",""
"SCRIPTS/CONTENT/gothic.d:4107","Drewno na palisadę","Drewno na palisadę","","","topic_addon_holowen","",""
"SCRIPTS/CONTENT/gothic.d:4108","Riordian","Riordian","","","topic_addon_holriordian","",""
"SCRIPTS/CONTENT/gothic.d:4109","Posiadłości budowniczych","Posiadłości budowniczych","","","topic_addon_housesofrulers","",""
"SCRIPTS/CONTENT/gothic.d:4110","Stal Huna","Stal Huna","","","topic_addon_huno","",""
"SCRIPTS/CONTENT/gothic.d:4111","Joe","Joe","","","topic_addon_joe","",""
"SCRIPTS/CONTENT/gothic.d:4112","Komnaty świątyni","Komnaty świątyni","","","topic_addon_kammern","",""
"SCRIPTS/CONTENT/gothic.d:4113","Nauka u Magów Wody","Nauka u Magów Wody","","","topic_addon_kdwteacher","",""
"SCRIPTS/CONTENT/gothic.d:4114","Magowie Wody","Magowie Wody","","","topic_addon_kdw","",""
"SCRIPTS/CONTENT/gothic.d:4115","Zabrałem bandycie wiadomość, którą Cavalorn miał dostarczyć Vatrasowi, Magowi Wody. To teraz moje zadanie.","Zabrałem bandycie wiadomość, którą Cavalorn miał dostarczyć Vatrasowi, Magowi Wody. To teraz moje zadanie.","","","topic_addon_kdw_1","",""
"SCRIPTS/CONTENT/gothic.d:4116","Bandyci Cavalorna","Bandyci Cavalorna","","","topic_addon_killbrago","",""
"SCRIPTS/CONTENT/gothic.d:4117","Morderca Angusa i Hanka","Morderca Angusa i Hanka","","","topic_addon_killjuan","",""
"SCRIPTS/CONTENT/gothic.d:4118","Szpon Beliara","Szpon Beliara","","","topic_addon_klaue","",""
"SCRIPTS/CONTENT/gothic.d:4119","Kompas Garretta","Kompas Garretta","","","topic_addon_kompass","",""
"SCRIPTS/CONTENT/gothic.d:4120","Straż przednia Magów Wody","Straż przednia Magów Wody","","","topic_addon_lance","",""
"SCRIPTS/CONTENT/gothic.d:4121","Polowanie na błotne węże","Polowanie na błotne węże","","","topic_addon_logan","",""
"SCRIPTS/CONTENT/gothic.d:4122","Lucia","Lucia","","","topic_addon_lucia","",""
"SCRIPTS/CONTENT/gothic.d:4123","Lucia napisała list pożegnalny dla Elvricha. Z pewnością będzie chciał go przeczytać.","Lucia napisała list pożegnalny dla Elvricha. Z pewnością będzie chciał go przeczytać.","","","topic_addon_lucia_1","",""
"SCRIPTS/CONTENT/gothic.d:4124","Malcolm","Malcolm","","","topic_addon_malcomsstunt","",""
"SCRIPTS/CONTENT/gothic.d:4125","Zaginieni ludzie","Zaginieni ludzie","","","topic_addon_missingpeople","",""
"SCRIPTS/CONTENT/gothic.d:4126","Plaża na północy","Plaża na północy","","","topic_addon_morganbeach","",""
"SCRIPTS/CONTENT/gothic.d:4127","Portal","Portal","","","topic_addon_ornament","",""
"SCRIPTS/CONTENT/gothic.d:4128","Uaktywniłem mechanizm kamiennego kręgu w pobliżu farmy Sekoba. Usłyszałem głośny huk i pojawił się kamienny strażnik.","Uaktywniłem mechanizm kamiennego kręgu w pobliżu farmy Sekoba. Usłyszałem głośny huk i pojawił się kamienny strażnik.","","","topic_addon_ornament_1","",""
"SCRIPTS/CONTENT/gothic.d:4129","Uaktywniłem mechanizm kamiennego kręgu przy farmie Lobarta. Jedynym efektem było lekkie trzęsienie ziemi.","Uaktywniłem mechanizm kamiennego kręgu przy farmie Lobarta. Jedynym efektem było lekkie trzęsienie ziemi.","","","topic_addon_ornament_2","",""
"SCRIPTS/CONTENT/gothic.d:4130","Uaktywniłem mechanizm kamiennego kręgu w północnym lesie. Pojawił się wielki, kamienny strażnik. Wyglądał na nieźle wkurzonego.","Uaktywniłem mechanizm kamiennego kręgu w północnym lesie. Pojawił się wielki, kamienny strażnik. Wyglądał na nieźle wkurzonego.","","","topic_addon_ornament_3","",""
"SCRIPTS/CONTENT/gothic.d:4131","Zioła dla Constantina","Zioła dla Constantina","","","topic_addon_pickforconstantino","",""
"SCRIPTS/CONTENT/gothic.d:4132","Nauka u piratów","Nauka u piratów","","","topic_addon_pir_teacher","",""
"SCRIPTS/CONTENT/gothic.d:4133","Handel u piratów","Handel u piratów","","","topic_addon_pir_trader","",""
"SCRIPTS/CONTENT/gothic.d:4134","Moc Strażnika Umarłych","Moc Strażnika Umarłych","","","topic_addon_quarhodron","",""
"SCRIPTS/CONTENT/gothic.d:4135","Ułatwione przyjęcie do klasztoru","Ułatwione przyjęcie do klasztoru","","","topic_addon_rangerhelpkdf","",""
"SCRIPTS/CONTENT/gothic.d:4136","Ułatwione przyjęcie do straży","Ułatwione przyjęcie do straży","","","topic_addon_rangerhelpmil","",""
"SCRIPTS/CONTENT/gothic.d:4137","Ułatwione przyjęcie do najemników","Ułatwione przyjęcie do najemników","","","topic_addon_rangerhelpsld","",""
"SCRIPTS/CONTENT/gothic.d:4138","Polowanie na szczury","Polowanie na szczury","","","topic_addon_rathunt","",""
"SCRIPTS/CONTENT/gothic.d:4139","Kruk","Kruk","","","topic_addon_ravenkdw","",""
"SCRIPTS/CONTENT/gothic.d:4140","Dostałem się do kwatery Kruka i zdążyłem zauważyć, jak przeszedł przez dużą bramę. Nie mogłem udać się za nim. Sądzę, że brama prowadzi do świątyni Adanosa, więc muszę o tym powiedzieć Saturasowi.","Dostałem się do kwatery Kruka i zdążyłem zauważyć, jak przeszedł przez dużą bramę. Nie mogłem udać się za nim. Sądzę, że brama prowadzi do świątyni Adanosa, więc muszę o tym powiedzieć Saturasowi.","","","topic_addon_ravenkdw_1","",""
"SCRIPTS/CONTENT/gothic.d:4141","Relikty","Relikty","","","topic_addon_relicts","",""
"SCRIPTS/CONTENT/gothic.d:4142","Wodny Krąg","Wodny Krąg","","","topic_addon_ringofwater","",""
"SCRIPTS/CONTENT/gothic.d:4143","Istnieje stowarzyszenie zwące się Wodnym Kręgiem. Wygląda na to, że rządzą nim Magowie Wody.","Istnieje stowarzyszenie zwące się Wodnym Kręgiem. Wygląda na to, że rządzą nim Magowie Wody.","","","topic_addon_ringofwater_1","",""
"SCRIPTS/CONTENT/gothic.d:4144","Cavalorn należy do Wodnego Kręgu.","Cavalorn należy do Wodnego Kręgu.","","","topic_addon_ringofwater_2","",""
"SCRIPTS/CONTENT/gothic.d:4145","Grog dla kucharza","Grog dla kucharza","","","topic_addon_roastgrog","",""
"SCRIPTS/CONTENT/gothic.d:4146","Szpiegowanie bandytów","Szpiegowanie bandytów","","","topic_addon_scoutbandits","",""
"SCRIPTS/CONTENT/gothic.d:4147","Fatalna sytuacja","Fatalna sytuacja","","","topic_addon_senyan","",""
"SCRIPTS/CONTENT/gothic.d:4148","Opuszczony Skip","Opuszczony Skip","","","topic_addon_skipsgrog","",""
"SCRIPTS/CONTENT/gothic.d:4149","Niewolnicy Kruka","Niewolnicy Kruka","","","topic_addon_sklaven","",""
"SCRIPTS/CONTENT/gothic.d:4150","Kamienne tablice","Kamienne tablice","","","topic_addon_stoneplates","",""
"SCRIPTS/CONTENT/gothic.d:4151","Kamienna tablica na bagnie","Kamienna tablica na bagnie","","","topic_addon_stoneplate","",""
"SCRIPTS/CONTENT/gothic.d:4152","Moc kamieni ogniskujących","Moc kamieni ogniskujących","","","topic_addon_teleportsadw","",""
"SCRIPTS/CONTENT/gothic.d:4153","Uaktywniłem kamień teleportacyjny w pobliżu portalu, który łączy się z Khorinis.","Uaktywniłem kamień teleportacyjny w pobliżu portalu, który łączy się z Khorinis.","","","topic_addon_teleportsadw_1","",""
"SCRIPTS/CONTENT/gothic.d:4154","Udało mi się uaktywnić kamień teleportacyjny na górnym poziomie obozu bandytów.","Udało mi się uaktywnić kamień teleportacyjny na górnym poziomie obozu bandytów.","","","topic_addon_teleportsadw_2","",""
"SCRIPTS/CONTENT/gothic.d:4155","Uaktywniłem kamień teleportacyjny na bagnie, tuż na południe od obozu bandytów.","Uaktywniłem kamień teleportacyjny na bagnie, tuż na południe od obozu bandytów.","","","topic_addon_teleportsadw_3","",""
"SCRIPTS/CONTENT/gothic.d:4156","Znalazłem kamień teleportacyjny na południowym zachodzie.","Znalazłem kamień teleportacyjny na południowym zachodzie.","","","topic_addon_teleportsadw_4","",""
"SCRIPTS/CONTENT/gothic.d:4157","Wewnątrz jaskini w tym kanionie znajduje się kamień teleportacyjny. Uaktywniłem go.","Wewnątrz jaskini w tym kanionie znajduje się kamień teleportacyjny. Uaktywniłem go.","","","topic_addon_teleportsadw_5","",""
"SCRIPTS/CONTENT/gothic.d:4158","Kamienie teleportacyjne","Kamienie teleportacyjne","","","topic_addon_teleportsnw","",""
"SCRIPTS/CONTENT/gothic.d:4159","Kamień teleportacyjny w jaskini na wschód od miasta przenosi do karczmy 'Martwa Harpia'.","Kamień teleportacyjny w jaskini na wschód od miasta przenosi do karczmy 'Martwa Harpia'.","","","topic_addon_teleportsnw_1","",""
"SCRIPTS/CONTENT/gothic.d:4160","Kamień teleportacyjny w pobliżu gospody 'Martwa Harpia' przenosi do portalu tajemniczych budowniczych.","Kamień teleportacyjny w pobliżu gospody 'Martwa Harpia' przenosi do portalu tajemniczych budowniczych.","","","topic_addon_teleportsnw_2","",""
"SCRIPTS/CONTENT/gothic.d:4161","Kamień teleportacyjny przy portalu tajemniczych budowniczych przenosi do jaskini na wschód od miasta.","Kamień teleportacyjny przy portalu tajemniczych budowniczych przenosi do jaskini na wschód od miasta.","","","topic_addon_teleportsnw_3","",""
"SCRIPTS/CONTENT/gothic.d:4162","Dojście do świątyni","Dojście do świątyni","","","topic_addon_tempel","",""
"SCRIPTS/CONTENT/gothic.d:4163","Pomoc dla Vatrasa","Pomoc dla Vatrasa","","","topic_addon_vatrasabloesung","",""
"SCRIPTS/CONTENT/gothic.d:4164","Gdzie są zaginieni ludzie?","Gdzie są zaginieni ludzie?","","","topic_addon_whostolepeople","",""
"SCRIPTS/CONTENT/gothic.d:4165","Teraz mam to na piśmie. Kruk, dawny magnat, stoi za porwaniami mieszkańców Khorinis. Jego kryjówka znajduje się gdzieś za górami, w północno-wschodniej części Khorinis. Vatras powinien zobaczyć ten dokument.","Teraz mam to na piśmie. Kruk, dawny magnat, stoi za porwaniami mieszkańców Khorinis. Jego kryjówka znajduje się gdzieś za górami, w północno-wschodniej części Khorinis. Vatras powinien zobaczyć ten dokument.","","","topic_addon_whostolepeople_1","",""
"SCRIPTS/CONTENT/gothic.d:4166","Złodzieje owiec","Złodzieje owiec","","","topic_akilschafdiebe","",""
"SCRIPTS/CONTENT/gothic.d:4167","Farmer w potrzebie","Farmer w potrzebie","","","topic_akilssldstillthere","",""
"SCRIPTS/CONTENT/gothic.d:4168","Miecz Alrika","Miecz Alrika","","","topic_alrikschwert","",""
"SCRIPTS/CONTENT/gothic.d:4169","Szalony Fellan","Szalony Fellan","","","topic_alwin","",""
"SCRIPTS/CONTENT/gothic.d:4170","Amulet Angara","Amulet Angara","","","topic_angarsamulett","",""
"SCRIPTS/CONTENT/gothic.d:4171","Gildia Zabójców","Gildia Zabójców","","","topic_assassinsguild","",""
"SCRIPTS/CONTENT/gothic.d:4172","Dostałem zadanie rozpracowania Gildii Zabójców. Mam wypuścić więźnia a następnie go zabić. Wtedy gildia skontaktuje się ze mną.","Dostałem zadanie rozpracowania Gildii Zabójców. Mam wypuścić więźnia a następnie go zabić. Wtedy gildia skontaktuje się ze mną.","","","topic_assassinsguild_1","",""
"SCRIPTS/CONTENT/gothic.d:4173","Postanowiłem jeszcze kontynuować śledztwo.","Postanowiłem jeszcze kontynuować śledztwo.","","","topic_assassinsguild_2","",""
"SCRIPTS/CONTENT/gothic.d:4174","Postanowiłem zakończyć śledztwo.","Postanowiłem zakończyć śledztwo.","","","topic_assassinsguild_3","",""
"SCRIPTS/CONTENT/gothic.d:4175","Sledztwo zakończone","Sledztwo zakończone","","","topic_assassinsguild_4","",""
"SCRIPTS/CONTENT/gothic.d:4176","Zabiłem więźnia, teraz czekam na kontakt.","Zabiłem więźnia, teraz czekam na kontakt.","","","topic_assassinsguild_5","",""
"SCRIPTS/CONTENT/gothic.d:4177","Chyba znalazł mnie kontakt gildii zabójców. Mam płynąć z portu wzdłuż skał na prawo.","Chyba znalazł mnie kontakt gildii zabójców. Mam płynąć z portu wzdłuż skał na prawo.","","","topic_assassinsguild_6","",""
"SCRIPTS/CONTENT/gothic.d:4178","Chyba znalazłem gildię, dostałem polecenie zabicia Harada. Muszę coś wykombinować","Chyba znalazłem gildię, dostałem polecenie zabicia Harada. Muszę coś wykombinować","","","topic_assassinsguild_7","",""
"SCRIPTS/CONTENT/gothic.d:4179","Mam zanieść pieniądze Martellowi w koszarach, Nagurowi w karczmie i Simonowi na farmie Lobarta. Czas chyba zgłosić się do Lorda Andre","Mam zanieść pieniądze Martellowi w koszarach, Nagurowi w karczmie i Simonowi na farmie Lobarta. Czas chyba zgłosić się do Lorda Andre","","","topic_assassinsguild_8","",""
"SCRIPTS/CONTENT/gothic.d:4180","Przywódca gildii mówił coś o smokach. To zainteresuje dowódcę.","Przywódca gildii mówił coś o smokach. To zainteresuje dowódcę.","","","topic_assassinsguild_9","",""
"SCRIPTS/CONTENT/gothic.d:4181","Poleciłem Haradowi aby udał się do Lorda Andre","Poleciłem Haradowi aby udał się do Lorda Andre","","","topic_assassinsguild_10","",""
"SCRIPTS/CONTENT/gothic.d:4182","Babo i ogród","Babo i ogród","","","topic_babogaertner","",""
"SCRIPTS/CONTENT/gothic.d:4183","Dokumenty","Dokumenty","","","topic_babosdocs","",""
"SCRIPTS/CONTENT/gothic.d:4184","Trening bojowy Babo","Trening bojowy Babo","","","topic_babotrain","",""
"SCRIPTS/CONTENT/gothic.d:4185","Powrót na okręt","Powrót na okręt","","","topic_backtoship","",""
"SCRIPTS/CONTENT/gothic.d:4186","Zakazane pastwisko","Zakazane pastwisko","","","topic_balthasarsschafe","",""
"SCRIPTS/CONTENT/gothic.d:4187","Dostawa Baltrama","Dostawa Baltrama","","","topic_baltram","",""
"SCRIPTS/CONTENT/gothic.d:4188","Nie ma tu miejsca dla bandytów","Nie ma tu miejsca dla bandytów","","","topic_banditsmod","",""
"SCRIPTS/CONTENT/gothic.d:4189","Dostałem polecenie przejęcia oddziału na farmie Onara i poprowadzeniu ataku na siedzibę bandytów","Dostałem polecenie przejęcia oddziału na farmie Onara i poprowadzeniu ataku na siedzibę bandytów","","","topic_banditsmod_1","",""
"SCRIPTS/CONTENT/gothic.d:4190","Zostałem nagrodzony przez Lorda Hagena","Zostałem nagrodzony przez Lorda Hagena","","","topic_banditsmod_2","",""
"SCRIPTS/CONTENT/gothic.d:4191","Przywódca Bandytów nie żyje","Przywódca Bandytów nie żyje","","","topic_banditsmod_3","",""
"SCRIPTS/CONTENT/gothic.d:4192","Udało się przekonać Lee, żeby nas przepuścił","Udało się przekonać Lee, żeby nas przepuścił","","","topic_banditsmod_4","",""
"SCRIPTS/CONTENT/gothic.d:4193","Listy gończe","Listy gończe","","","topic_bandits","",""
"SCRIPTS/CONTENT/gothic.d:4194","Mag Ognia","Mag Ognia","","","topic_becomekdf","",""
"SCRIPTS/CONTENT/gothic.d:4195","Członek straży miejskiej","Członek straży miejskiej","","","topic_becomemil","",""
"SCRIPTS/CONTENT/gothic.d:4196","Jeden z najemników","Jeden z najemników","","","topic_becomesld","",""
"SCRIPTS/CONTENT/gothic.d:4197","Samotność i bezradność","Samotność i bezradność","","","topic_bengarallein","",""
"SCRIPTS/CONTENT/gothic.d:4198","Klątwa Bilgota","Klątwa Bilgota","","","topic_bilgotescort","",""
"SCRIPTS/CONTENT/gothic.d:4199","Miejsca specjalne","Miejsca specjalne","","","topic_bonus","",""
"SCRIPTS/CONTENT/gothic.d:4200","Teraz wiem, jak uzyskać substancję leczniczą z żądeł krwiopijców. ","Teraz wiem, jak uzyskać substancję leczniczą z żądeł krwiopijców. ","","","topic_bonus_1","",""
"SCRIPTS/CONTENT/gothic.d:4201","Łuk Bospera","Łuk Bospera","","","topic_bosperbogen","",""
"SCRIPTS/CONTENT/gothic.d:4202","Futra dla Bospera","Futra dla Bospera","","","topic_bosperwolf","",""
"SCRIPTS/CONTENT/gothic.d:4203","Wiadomość","Wiadomość","","","topic_botschaft","",""
"SCRIPTS/CONTENT/gothic.d:4204","Mięso","Mięso","","","topic_bringmeat","",""
"SCRIPTS/CONTENT/gothic.d:4205","Sekob tęskni za żoną","Sekob tęskni za żoną","","","topic_bringrosibacktosekob","",""
"SCRIPTS/CONTENT/gothic.d:4206","Leniwy farmer","Leniwy farmer","","","topic_bronkoeingeschuechtert","",""
"SCRIPTS/CONTENT/gothic.d:4207","Paskudna nora","Paskudna nora","","","topic_brutusmeatbugs","",""
"SCRIPTS/CONTENT/gothic.d:4208","Pan smoków","Pan smoków","","","topic_buchhallenvonirdorath","",""
"SCRIPTS/CONTENT/gothic.d:4209","W swoim liście Xardas poinformował mnie, jakie słowa otwierają księgę DWÓR IRDORATH.","W swoim liście Xardas poinformował mnie, jakie słowa otwierają księgę DWÓR IRDORATH.","","","topic_buchhallenvonirdorath_1","",""
"SCRIPTS/CONTENT/gothic.d:4210","Udało mi się otworzyć księgę Xardasa. Znalazłem w niej tajemniczą wiadomość i dziwny klucz. Kto wie, co jeszcze kryje się w klasztornych podziemiach.","Udało mi się otworzyć księgę Xardasa. Znalazłem w niej tajemniczą wiadomość i dziwny klucz. Kto wie, co jeszcze kryje się w klasztornych podziemiach.","","","topic_buchhallenvonirdorath_2","",""
"SCRIPTS/CONTENT/gothic.d:4211","Przeczytałem księgę Xardasa. Jest w niej wzmianka o tajnej bibliotece, która zapewne znajduje się w podziemiach klasztoru.","Przeczytałem księgę Xardasa. Jest w niej wzmianka o tajnej bibliotece, która zapewne znajduje się w podziemiach klasztoru.","","","topic_buchhallenvonirdorath_3","",""
"SCRIPTS/CONTENT/gothic.d:4212","Władca smoków skrył się podobno w potężnym i świętym Dworze Irdorath. To brzmi jakoś znajomo. Gdzie to ja mogłem o tym czytać?","Władca smoków skrył się podobno w potężnym i świętym Dworze Irdorath. To brzmi jakoś znajomo. Gdzie to ja mogłem o tym czytać?","","","topic_buchhallenvonirdorath_4","",""
"SCRIPTS/CONTENT/gothic.d:4213","Rogi cieniostwora dla Bustera","Rogi cieniostwora dla Bustera","","","topic_buster_killshadowbeasts","",""
"SCRIPTS/CONTENT/gothic.d:4214","Względy Canthara","Względy Canthara","","","topic_canthar","",""
"SCRIPTS/CONTENT/gothic.d:4215","Kto będzie dowodził moim okrętem?","Kto będzie dowodził moim okrętem?","","","topic_captain","",""
"SCRIPTS/CONTENT/gothic.d:4216","Krwawe puchary","Krwawe puchary","","","topic_cassiakelche","",""
"SCRIPTS/CONTENT/gothic.d:4217","Pierścień Constantina","Pierścień Constantina","","","topic_cassiaring","",""
"SCRIPTS/CONTENT/gothic.d:4218","Za kilka ziół więcej","Za kilka ziół więcej","","","topic_cipherherb","",""
"SCRIPTS/CONTENT/gothic.d:4219","Paczuszka z zielem","Paczuszka z zielem","","","topic_cipherpaket","",""
"SCRIPTS/CONTENT/gothic.d:4220","Nauka w Khorinis","Nauka w Khorinis","","","topic_cityteacher","",""
"SCRIPTS/CONTENT/gothic.d:4221","Handel w Khorinis","Handel w Khorinis","","","topic_citytrader","",""
"SCRIPTS/CONTENT/gothic.d:4222","Jak się dostać do miasta Khorinis","Jak się dostać do miasta Khorinis","","","topic_city","",""
"SCRIPTS/CONTENT/gothic.d:4223","Zioła dla Constantina","Zioła dla Constantina","","","topic_constantinoplants","",""
"SCRIPTS/CONTENT/gothic.d:4224","Dobry wojownik","Dobry wojownik","","","topic_cordprove","",""
"SCRIPTS/CONTENT/gothic.d:4225","Nie można podróżować bez załogi","Nie można podróżować bez załogi","","","topic_crew","",""
"SCRIPTS/CONTENT/gothic.d:4226","Eskorta","Eskorta","","","topic_daronescort","",""
"SCRIPTS/CONTENT/gothic.d:4227","Udało mi się znaleźć Maga, z drobnymi kłopotami przekonałem go do wyruszenia w drogę","Udało mi się znaleźć Maga, z drobnymi kłopotami przekonałem go do wyruszenia w drogę","","","topic_daronescort_1","",""
"SCRIPTS/CONTENT/gothic.d:4228","Trafiliśmy do tawerny, czas udać się do Lorda Andre po nagrodę","Trafiliśmy do tawerny, czas udać się do Lorda Andre po nagrodę","","","topic_daronescort_2","",""
"SCRIPTS/CONTENT/gothic.d:4229","Mam odeskortować Maga Ognia do tawerny `Pod Martwą Harpią`, lepiej żebym się do tego przyłożył","Mam odeskortować Maga Ognia do tawerny `Pod Martwą Harpią`, lepiej żebym się do tego przyłożył","","","topic_daronescort_3","",""
"SCRIPTS/CONTENT/gothic.d:4230","Odebrałem nagrodę","Odebrałem nagrodę","","","topic_daronescort_4","",""
"SCRIPTS/CONTENT/gothic.d:4231","Bajer","Bajer","","","topic_dar_bringorcelitering","",""
"SCRIPTS/CONTENT/gothic.d:4232","Morderstwo Lothara","Morderstwo Lothara","","","topic_deadpaladin","",""
"SCRIPTS/CONTENT/gothic.d:4233","Podobno Lobart również widział całe zajście, sprawa się komplikuje. Wierzę, że Bennet jest niewinny","Podobno Lobart również widział całe zajście, sprawa się komplikuje. Wierzę, że Bennet jest niewinny","","","topic_deadpaladin_1","",""
"SCRIPTS/CONTENT/gothic.d:4234","Udało się, Bennet zostanie uwolniony","Udało się, Bennet zostanie uwolniony","","","topic_deadpaladin_2","",""
"SCRIPTS/CONTENT/gothic.d:4235","Nieznajomy wręczył mi dziennik, który ma byc dowodem. Zobaczymy, co myśli o tym Lord Andre.","Nieznajomy wręczył mi dziennik, który ma byc dowodem. Zobaczymy, co myśli o tym Lord Andre.","","","topic_deadpaladin_3","",""
"SCRIPTS/CONTENT/gothic.d:4236","Bennet opowiedział mi całą sytuację, jednak i tak mu nikt nie uwierzy","Bennet opowiedział mi całą sytuację, jednak i tak mu nikt nie uwierzy","","","topic_deadpaladin_4","",""
"SCRIPTS/CONTENT/gothic.d:4237","Cornelius twierdzi, że Bennet zabił paladyna Lothara. Takie zeznanie trudno podważyć.","Cornelius twierdzi, że Bennet zabił paladyna Lothara. Takie zeznanie trudno podważyć.","","","topic_deadpaladin_5","",""
"SCRIPTS/CONTENT/gothic.d:4238","Błogosławieństwo","Błogosławieństwo","","","topic_dementorblood","",""
"SCRIPTS/CONTENT/gothic.d:4239","Aby uzyskać błogosławieństwo muszę pomóc Neorasowi.","Aby uzyskać błogosławieństwo muszę pomóc Neorasowi.","","","topic_dementorblood_1","",""
"SCRIPTS/CONTENT/gothic.d:4240","Otrzymałem błogosławieństwo Pyrokara","Otrzymałem błogosławieństwo Pyrokara","","","topic_dementorblood_2","",""
"SCRIPTS/CONTENT/gothic.d:4241","Mam przynieść Neorasowi 3 porcje krwi Poszukiwaczy","Mam przynieść Neorasowi 3 porcje krwi Poszukiwaczy","","","topic_dementorblood_3","",""
"SCRIPTS/CONTENT/gothic.d:4242","Oddałem krew Poszukiwaczy, powinienem już uzyskać błogosławieństwo","Oddałem krew Poszukiwaczy, powinienem już uzyskać błogosławieństwo","","","topic_dementorblood_4","",""
"SCRIPTS/CONTENT/gothic.d:4243","Poszukiwacze","Poszukiwacze","","","topic_dementoren","",""
"SCRIPTS/CONTENT/gothic.d:4244","Gildia złodziei","Gildia złodziei","","","topic_diebesgilde","",""
"SCRIPTS/CONTENT/gothic.d:4245","Sprawa Diega","Sprawa Diega","","","topic_diegosresidence","",""
"SCRIPTS/CONTENT/gothic.d:4246","Mikstura Neorasa ze smoczych jaj","Mikstura Neorasa ze smoczych jaj","","","topic_dracheneierneoras","",""
"SCRIPTS/CONTENT/gothic.d:4247","Smocze jaja","Smocze jaja","","","topic_dracheneier","",""
"SCRIPTS/CONTENT/gothic.d:4248","Jeden z tych smoków mamrotał coś o 'potomkach' i utrzymaniu ciągłości jego rodu. Boję się, że te potwory rozpleniły się po całym cywilizowanym świecie.","Jeden z tych smoków mamrotał coś o 'potomkach' i utrzymaniu ciągłości jego rodu. Boję się, że te potwory rozpleniły się po całym cywilizowanym świecie.","","","topic_dracheneier_1","",""
"SCRIPTS/CONTENT/gothic.d:4249","Polowanie na smoki","Polowanie na smoki","","","topic_drachenjagd","",""
"SCRIPTS/CONTENT/gothic.d:4250","Te smoki nie są samodzielnymi istotami. Służą jakiemuś panu, o którym nie chcą mówić - no, może poza bezwartościowymi przepowiedniami w stylu 'nasz pan przyjdzie i zniszczy świat, bla bla bla'. Nic nowego.","Te smoki nie są samodzielnymi istotami. Służą jakiemuś panu, o którym nie chcą mówić - no, może poza bezwartościowymi przepowiedniami w stylu 'nasz pan przyjdzie i zniszczy świat, bla bla bla'. Nic nowego.","","","topic_drachenjagd_1","",""
"SCRIPTS/CONTENT/gothic.d:4251","Kusza Dragomira","Kusza Dragomira","","","topic_dragomirsarmbrust","",""
"SCRIPTS/CONTENT/gothic.d:4252","Łowcy smoków","Łowcy smoków","","","topic_dragonhunter","",""
"SCRIPTS/CONTENT/gothic.d:4253","Zbrodnia Dyriana","Zbrodnia Dyriana","","","topic_dyriandrin","",""
"SCRIPTS/CONTENT/gothic.d:4254","Polowanie na zębacze","Polowanie na zębacze","","","topic_fajethkillsnapper","",""
"SCRIPTS/CONTENT/gothic.d:4255","Problemy na farmie Lobarta","Problemy na farmie Lobarta","","","topic_feldraeuber","",""
"SCRIPTS/CONTENT/gothic.d:4256","Sprawa Fernanda","Sprawa Fernanda","","","topic_fernando","",""
"SCRIPTS/CONTENT/gothic.d:4257","Miecz Ferosa","Miecz Ferosa","","","topic_ferrossword","",""
"SCRIPTS/CONTENT/gothic.d:4258","Polne bestie","Polne bestie","","","topic_festerrauber","",""
"SCRIPTS/CONTENT/gothic.d:4259","Próba Ognia","Próba Ognia","","","topic_firecontest","",""
"SCRIPTS/CONTENT/gothic.d:4260","Jako nowicjusz mam prawo zażądać Próby Ognia, a każdy z trzech magów należących do Najwyższej Rady przydzieli mi jakieś zadanie. Po ukończeniu wszystkich misji zostanę przyjęty do Kręgu Ognia.","Jako nowicjusz mam prawo zażądać Próby Ognia, a każdy z trzech magów należących do Najwyższej Rady przydzieli mi jakieś zadanie. Po ukończeniu wszystkich misji zostanę przyjęty do Kręgu Ognia.","","","topic_firecontest_1","",""
"SCRIPTS/CONTENT/gothic.d:4261","Bimber","Bimber","","","topic_foundvinoskellerei","",""
"SCRIPTS/CONTENT/gothic.d:4262","Oferta pokoju","Oferta pokoju","","","topic_frieden","",""
"SCRIPTS/CONTENT/gothic.d:4263","Prychająca istota","Prychająca istota","","","topic_gaanschnaubi","",""
"SCRIPTS/CONTENT/gothic.d:4264","Informacje dla Garvella","Informacje dla Garvella","","","topic_garvell","",""
"SCRIPTS/CONTENT/gothic.d:4265","Służba społeczności","Służba społeczności","","","topic_gemeinschaft","",""
"SCRIPTS/CONTENT/gothic.d:4266","Głód","Głód","","","topic_geroldgivefood","",""
"SCRIPTS/CONTENT/gothic.d:4267","Żyjąca skała","Żyjąca skała","","","topic_golem","",""
"SCRIPTS/CONTENT/gothic.d:4268","Baranie kiełbaski","Baranie kiełbaski","","","topic_goraxessen","",""
"SCRIPTS/CONTENT/gothic.d:4269","Dostawa wina","Dostawa wina","","","topic_goraxwein","",""
"SCRIPTS/CONTENT/gothic.d:4270","Głodny myśliwy","Głodny myśliwy","","","topic_gromaskteacher","",""
"SCRIPTS/CONTENT/gothic.d:4271","Najazdy bandytów","Najazdy bandytów","","","topic_hakonbanditen","",""
"SCRIPTS/CONTENT/gothic.d:4272","Dwór Irdorath","Dwór Irdorath","","","topic_hallenvonirdorath","",""
"SCRIPTS/CONTENT/gothic.d:4273","In der Schriftrolle des Schwarzmagiers waren die Worte KHADOSH EMEM KADAR zu lesen. Das hört sich an wie eine Beschwörungsformel, aber worauf läßt sich das anwenden und was ist das Auge der Macht?","In der Schriftrolle des Schwarzmagiers waren die Worte KHADOSH EMEM KADAR zu lesen. Das hört sich an wie eine Beschwörungsformel, aber worauf läßt sich das anwenden und was ist das Auge der Macht?","","","topic_hallenvonirdorath_1","",""
"SCRIPTS/CONTENT/gothic.d:4274","Dziennik ucznia czarnego maga wspomina o komnatach z dźwigniami, kluczniku, kombinacji przełączników... Trzeba to zapamiętać, nigdy nie wiadomo, kiedy może się przydać.","Dziennik ucznia czarnego maga wspomina o komnatach z dźwigniami, kluczniku, kombinacji przełączników... Trzeba to zapamiętać, nigdy nie wiadomo, kiedy może się przydać.","","","topic_hallenvonirdorath_2","",""
"SCRIPTS/CONTENT/gothic.d:4275","Następny ognisty smok. Zaczynam ich mieć po dziurki w nosie. Jedyne, czego teraz chcę, to przedostać się przez rozpadlinę, którą widać za smokiem.","Następny ognisty smok. Zaczynam ich mieć po dziurki w nosie. Jedyne, czego teraz chcę, to przedostać się przez rozpadlinę, którą widać za smokiem.","","","topic_hallenvonirdorath_3","",""
"SCRIPTS/CONTENT/gothic.d:4276","Przeciwnikiem jest smok-ożywieniec. Muszę go zabić, zanim będę mógł opuścić tę przeklętą wyspę.","Przeciwnikiem jest smok-ożywieniec. Muszę go zabić, zanim będę mógł opuścić tę przeklętą wyspę.","","","topic_hallenvonirdorath_4","",""
"SCRIPTS/CONTENT/gothic.d:4277","Ostatniej nocy miałem dziwny sen. Widziałem Xardasa, który kazał mi przynieść coś ze stołu alchemicznego na statku. Bardzo dziwne. Zwłaszcza że nic nie piłem przed snem.","Ostatniej nocy miałem dziwny sen. Widziałem Xardasa, który kazał mi przynieść coś ze stołu alchemicznego na statku. Bardzo dziwne. Zwłaszcza że nic nie piłem przed snem.","","","topic_hallenvonirdorath_5","",""
"SCRIPTS/CONTENT/gothic.d:4278","Odkryłem tutaj świątynię, w której pełno jest ożywieńców. Dziwnie przypomina mi orkową świątynię Śniącego. Tym razem jednak nie zawiodę. Nie tym razem!","Odkryłem tutaj świątynię, w której pełno jest ożywieńców. Dziwnie przypomina mi orkową świątynię Śniącego. Tym razem jednak nie zawiodę. Nie tym razem!","","","topic_hallenvonirdorath_6","",""
"SCRIPTS/CONTENT/gothic.d:4279","Orkowy pułkownik to twardy przeciwnik. Z tego co wiem w jego sali tronowej musi być jakieś tajemne przejście.","Orkowy pułkownik to twardy przeciwnik. Z tego co wiem w jego sali tronowej musi być jakieś tajemne przejście.","","","topic_hallenvonirdorath_7","",""
"SCRIPTS/CONTENT/gothic.d:4280","Wir haben die Insel des Feindes erreicht. Innos weiß, welche Kreaturen im Innern dieses Berges auf mich warten werden.","Wir haben die Insel des Feindes erreicht. Innos weiß, welche Kreaturen im Innern dieses Berges auf mich warten werden.","","","topic_hallenvonirdorath_8","",""
"SCRIPTS/CONTENT/gothic.d:4281","Ktoś coś zgubił?","Ktoś coś zgubił?","","","topic_hannaretrieveletter","",""
"SCRIPTS/CONTENT/gothic.d:4282","Wielkie wyzwanie","Wielkie wyzwanie","","","topic_haradork","",""
"SCRIPTS/CONTENT/gothic.d:4283","Łowca Głów","Łowca Głów","","","topic_headhunter","",""
"SCRIPTS/CONTENT/gothic.d:4284","Poza miastem znaleziono 3 ciała pozbawione głów. Tylko jedna ofiara miała przyjaciela - kupca Jorę.","Poza miastem znaleziono 3 ciała pozbawione głów. Tylko jedna ofiara miała przyjaciela - kupca Jorę.","","","topic_headhunter_1","",""
"SCRIPTS/CONTENT/gothic.d:4285","Ryby Halvora pływały w toksycznej wodzie","Ryby Halvora pływały w toksycznej wodzie","","","topic_headhunter_2","",""
"SCRIPTS/CONTENT/gothic.d:4286","Znaleziono siedzibę mordercy, warto tam się rozejrzeć","Znaleziono siedzibę mordercy, warto tam się rozejrzeć","","","topic_headhunter_3","",""
"SCRIPTS/CONTENT/gothic.d:4287","Sprawa zamknięta","Sprawa zamknięta","","","topic_headhunter_4","",""
"SCRIPTS/CONTENT/gothic.d:4288","Jedna z ofiar lubiła ryby i była bogata. Nie wyróżniała się niczym","Jedna z ofiar lubiła ryby i była bogata. Nie wyróżniała się niczym","","","topic_headhunter_5","",""
"SCRIPTS/CONTENT/gothic.d:4289","Wziąłem ryby od Halvora","Wziąłem ryby od Halvora","","","topic_headhunter_6","",""
"SCRIPTS/CONTENT/gothic.d:4290","Halvor ma stałe miejsce połowu ryb, możliwe, że ktoś tam wypuścił toksynę","Halvor ma stałe miejsce połowu ryb, możliwe, że ktoś tam wypuścił toksynę","","","topic_headhunter_7","",""
"SCRIPTS/CONTENT/gothic.d:4291","Devlan mieszkał w hotelu Hanny. Jadał w portowej karczmie","Devlan mieszkał w hotelu Hanny. Jadał w portowej karczmie","","","topic_headhunter_8","",""
"SCRIPTS/CONTENT/gothic.d:4292","Devlan ostatnio był w karczmie z Ignazem z biednej dzielnicy","Devlan ostatnio był w karczmie z Ignazem z biednej dzielnicy","","","topic_headhunter_9","",""
"SCRIPTS/CONTENT/gothic.d:4293","To Ignaz prowadził badania i zatruł wodę","To Ignaz prowadził badania i zatruł wodę","","","topic_headhunter_10","",""
"SCRIPTS/CONTENT/gothic.d:4294","Ignaz był z Devlanem w karczmie. Pierwszy raz go spotkał","Ignaz był z Devlanem w karczmie. Pierwszy raz go spotkał","","","topic_headhunter_11","",""
"SCRIPTS/CONTENT/gothic.d:4295","Ignaz rzucił się na mnie. Musiałem go zabić","Ignaz rzucił się na mnie. Musiałem go zabić","","","topic_headhunter_12","",""
"SCRIPTS/CONTENT/gothic.d:4296","Leczenie Hildy","Leczenie Hildy","","","topic_healhilda","",""
"SCRIPTS/CONTENT/gothic.d:4297","Brak","Brak","","","topic_healrandolph","",""
"SCRIPTS/CONTENT/gothic.d:4298","Złoto Diega","Złoto Diega","","","topic_helpdiegonw","",""
"SCRIPTS/CONTENT/gothic.d:4299","Patelnia dla Hildy","Patelnia dla Hildy","","","topic_hilda","",""
"SCRIPTS/CONTENT/gothic.d:4300","Potęga Gwiazd","Potęga Gwiazd","","","topic_hyglasbringbook","",""
"SCRIPTS/CONTENT/gothic.d:4301","Eksperyment","Eksperyment","","","topic_ignaz","",""
"SCRIPTS/CONTENT/gothic.d:4302","Oko Innosa","Oko Innosa","","","topic_innoseye","",""
"SCRIPTS/CONTENT/gothic.d:4303","Te wredne draby zaczynają mnie denerwować. Zniszczyli Oko Innosa. Nie mam zielonego pojęcia, jak je naprawić.","Te wredne draby zaczynają mnie denerwować. Zniszczyli Oko Innosa. Nie mam zielonego pojęcia, jak je naprawić.","","","topic_innoseye_1","",""
"SCRIPTS/CONTENT/gothic.d:4304","Problemy Isgarotha ","Problemy Isgarotha ","","","topic_isgarothwolf","",""
"SCRIPTS/CONTENT/gothic.d:4305","Staruszka","Staruszka","","","topic_jag","",""
"SCRIPTS/CONTENT/gothic.d:4306","Starsza kobieta została zamordowana podczas snu, przebita lipowym kołkiem. Powinienem przesłuchać Alwina - jej sąsiada","Starsza kobieta została zamordowana podczas snu, przebita lipowym kołkiem. Powinienem przesłuchać Alwina - jej sąsiada","","","topic_jag_1","",""
"SCRIPTS/CONTENT/gothic.d:4307","Ludzie wierzyli, że wampira można zabić tylko wbijając kołek w jego serce","Ludzie wierzyli, że wampira można zabić tylko wbijając kołek w jego serce","","","topic_jag_2","",""
"SCRIPTS/CONTENT/gothic.d:4308","Sprawa zamknięta","Sprawa zamknięta","","","topic_jag_3","",""
"SCRIPTS/CONTENT/gothic.d:4309","Często bywał u niej Carl. Alwin uważa, że kobieta była wąpierzem. Lepiej zapytać Isgarotha.","Często bywał u niej Carl. Alwin uważa, że kobieta była wąpierzem. Lepiej zapytać Isgarotha.","","","topic_jag_4","",""
"SCRIPTS/CONTENT/gothic.d:4310","Carl pytał Alwina, jak można zabić wampira","Carl pytał Alwina, jak można zabić wampira","","","topic_jag_5","",""
"SCRIPTS/CONTENT/gothic.d:4311","Carl bywał u Angeliny aby mu powróżyła","Carl bywał u Angeliny aby mu powróżyła","","","topic_jag_6","",""
"SCRIPTS/CONTENT/gothic.d:4312","To Carl zamordował Angelinę","To Carl zamordował Angelinę","","","topic_jag_7","",""
"SCRIPTS/CONTENT/gothic.d:4313","Jan i kuźnia","Jan i kuźnia","","","topic_janbecomessmith","",""
"SCRIPTS/CONTENT/gothic.d:4314","Wyzwanie Jarvisa","Wyzwanie Jarvisa","","","topic_jarvissldko","",""
"SCRIPTS/CONTENT/gothic.d:4315","Bezczelny złodziej","Bezczelny złodziej","","","topic_joradieb","",""
"SCRIPTS/CONTENT/gothic.d:4316","Kupieckie złoto","Kupieckie złoto","","","topic_jora","",""
"SCRIPTS/CONTENT/gothic.d:4317","Krótka wycieczka do miasta","Krótka wycieczka do miasta","","","topic_karrascharm","",""
"SCRIPTS/CONTENT/gothic.d:4318","Kradzież","Kradzież","","","topic_kerolothsgeldbeutel","",""
"SCRIPTS/CONTENT/gothic.d:4319","Skopać tyłek Bullkowi","Skopać tyłek Bullkowi","","","topic_kickbullco","",""
"SCRIPTS/CONTENT/gothic.d:4320","Hosh-Pak","Hosh-Pak","","","topic_killhoshpak","",""
"SCRIPTS/CONTENT/gothic.d:4321","Bandyci w latarni morskiej Jacka","Bandyci w latarni morskiej Jacka","","","topic_killlighthousebandits","",""
"SCRIPTS/CONTENT/gothic.d:4322","Czarna skóra","Czarna skóra","","","topic_killtrollblack","",""
"SCRIPTS/CONTENT/gothic.d:4323","Ubiór roboczy Lobarta","Ubiór roboczy Lobarta","","","topic_kleidung","",""
"SCRIPTS/CONTENT/gothic.d:4324","Nauka w klasztorze","Nauka w klasztorze","","","topic_klosterteacher","",""
"SCRIPTS/CONTENT/gothic.d:4325","Handel w klasztorze","Handel w klasztorze","","","topic_klostertrader","",""
"SCRIPTS/CONTENT/gothic.d:4326","Jak się dostać do klasztoru","Jak się dostać do klasztoru","","","topic_kloster","",""
"SCRIPTS/CONTENT/gothic.d:4327","Język budowniczych","Język budowniczych","","","topic_language","",""
"SCRIPTS/CONTENT/gothic.d:4328","Czeladnik z Khorinis","Czeladnik z Khorinis","","","topic_lehrling","",""
"SCRIPTS/CONTENT/gothic.d:4329","Listy","Listy","","","topic_lists","",""
"SCRIPTS/CONTENT/gothic.d:4330","Mam zanieść listy Heroldowi i kowalowi - Haradowi","Mam zanieść listy Heroldowi i kowalowi - Haradowi","","","topic_lists_1","",""
"SCRIPTS/CONTENT/gothic.d:4331","Odebrałem nagrodę od Dowódcy","Odebrałem nagrodę od Dowódcy","","","topic_lists_2","",""
"SCRIPTS/CONTENT/gothic.d:4332","Oddałem list Heroldowi","Oddałem list Heroldowi","","","topic_lists_3","",""
"SCRIPTS/CONTENT/gothic.d:4333","Oddałem list Haradowi","Oddałem list Haradowi","","","topic_lists_4","",""
"SCRIPTS/CONTENT/gothic.d:4334","Farma Lobarta","Farma Lobarta","","","topic_lobartfarm","",""
"SCRIPTS/CONTENT/gothic.d:4335","Udało mi się uratować Lobarta, wygląda na to, że wszystko jest z nim w porządku","Udało mi się uratować Lobarta, wygląda na to, że wszystko jest z nim w porządku","","","topic_lobartfarm_1","",""
"SCRIPTS/CONTENT/gothic.d:4336","Lobart został zabrany przez mężczyznę w czarnym płaszczu za farmę. Muszę się spieszyć.","Lobart został zabrany przez mężczyznę w czarnym płaszczu za farmę. Muszę się spieszyć.","","","topic_lobartfarm_2","",""
"SCRIPTS/CONTENT/gothic.d:4337","Farma Lobarta nie daje znaku życia, lepiej sprawdzić czy wszystko jest w porządku","Farma Lobarta nie daje znaku życia, lepiej sprawdzić czy wszystko jest w porządku","","","topic_lobartfarm_3","",""
"SCRIPTS/CONTENT/gothic.d:4338","Lobarta problem z orkami","Lobarta problem z orkami","","","topic_lobartsorkproblem","",""
"SCRIPTS/CONTENT/gothic.d:4339","Pazury zębacza","Pazury zębacza","","","topic_lutero","",""
"SCRIPTS/CONTENT/gothic.d:4340","Laska Maletha","Laska Maletha","","","topic_malethsgehstock","",""
"SCRIPTS/CONTENT/gothic.d:4341","Bandyci na farmie Lobarta","Bandyci na farmie Lobarta","","","topic_maleth","",""
"SCRIPTS/CONTENT/gothic.d:4342","Pomoc dla Marcosa","Pomoc dla Marcosa","","","topic_marcosjungs","",""
"SCRIPTS/CONTENT/gothic.d:4343","Modlitwa za paladynów","Modlitwa za paladynów","","","topic_mardukbeten","",""
"SCRIPTS/CONTENT/gothic.d:4344","Matteo i Gritta","Matteo i Gritta","","","topic_matteo","",""
"SCRIPTS/CONTENT/gothic.d:4345","Fałszywe udziały w kopalni","Fałszywe udziały w kopalni","","","topic_minenanteile","",""
"SCRIPTS/CONTENT/gothic.d:4346","Gość, który sprzedał te udziały kupcom, ma na imię Salandril. Pewnie najłatwiej go będzie znaleźć w górnym Khorinis - chyba że już zwiał przed długim ramieniem sprawiedliwości.","Gość, który sprzedał te udziały kupcom, ma na imię Salandril. Pewnie najłatwiej go będzie znaleźć w górnym Khorinis - chyba że już zwiał przed długim ramieniem sprawiedliwości.","","","topic_minenanteile_1","",""
"SCRIPTS/CONTENT/gothic.d:4347","Salandril nie żyje. Trzeba o tym powiedzieć Serpentesowi.","Salandril nie żyje. Trzeba o tym powiedzieć Serpentesowi.","","","topic_minenanteile_2","",""
"SCRIPTS/CONTENT/gothic.d:4348","Dowody","Dowody","","","topic_misoldworld","",""
"SCRIPTS/CONTENT/gothic.d:4349","Moja załoga","Moja załoga","","","topic_mycrew","",""
"SCRIPTS/CONTENT/gothic.d:4350","Mój kapitan, Jorgen, poczeka na mnie na statku.","Mój kapitan, Jorgen, poczeka na mnie na statku.","","","topic_mycrew_1","",""
"SCRIPTS/CONTENT/gothic.d:4351","Mój kapitan, Torlof, będzie bronił statku tak długo, aż nie wrócę z wyspy. Dzięki niemu stanę się silniejszy i zręczniejszy.","Mój kapitan, Torlof, będzie bronił statku tak długo, aż nie wrócę z wyspy. Dzięki niemu stanę się silniejszy i zręczniejszy.","","","topic_mycrew_2","",""
"SCRIPTS/CONTENT/gothic.d:4352","Mój kapitan, Jack, poczeka na mnie na statku. Wygląda na przestraszonego i mam nadzieję, że poradzi sobie. Potrzebuję jego pomocy!","Mój kapitan, Jack, poczeka na mnie na statku. Wygląda na przestraszonego i mam nadzieję, że poradzi sobie. Potrzebuję jego pomocy!","","","topic_mycrew_3","",""
"SCRIPTS/CONTENT/gothic.d:4353","W czasie mojej nieobecności Lee obejmie dowództwo na statku. Dzięki niemu będę się lepiej posługiwał bronią jedno- i dwuręczną.","W czasie mojej nieobecności Lee obejmie dowództwo na statku. Dzięki niemu będę się lepiej posługiwał bronią jedno- i dwuręczną.","","","topic_mycrew_4","",""
"SCRIPTS/CONTENT/gothic.d:4354","Dzięki Miltenowi mogę zwiększyć moją magiczną moc.","Dzięki Miltenowi mogę zwiększyć moją magiczną moc.","","","topic_mycrew_5","",""
"SCRIPTS/CONTENT/gothic.d:4355","Milten pokaże mi także, jak tworzyć runy.","Milten pokaże mi także, jak tworzyć runy.","","","topic_mycrew_6","",""
"SCRIPTS/CONTENT/gothic.d:4356","Niestety, wydaje mi się, że stan Lestera znacznie się pogorszył na tej tajemniczej wyspie.","Niestety, wydaje mi się, że stan Lestera znacznie się pogorszył na tej tajemniczej wyspie.","","","topic_mycrew_7","",""
"SCRIPTS/CONTENT/gothic.d:4357","Mario dziwnie się zachowuje. Od jakiegoś czasu w ogóle się nie odzywa.","Mario dziwnie się zachowuje. Od jakiegoś czasu w ogóle się nie odzywa.","","","topic_mycrew_8","",""
"SCRIPTS/CONTENT/gothic.d:4358","Wilk może mnie nauczyć, jak strzelać z łuku i kuszy.","Wilk może mnie nauczyć, jak strzelać z łuku i kuszy.","","","topic_mycrew_9","",""
"SCRIPTS/CONTENT/gothic.d:4359","Vatras, Mag Wody, nie tylko może mnie uleczyć, ale także sporo nauczyć o warzeniu mikstur.","Vatras, Mag Wody, nie tylko może mnie uleczyć, ale także sporo nauczyć o warzeniu mikstur.","","","topic_mycrew_10","",""
"SCRIPTS/CONTENT/gothic.d:4360","Vatras może mi także pomóc poznać nowe kręgi magii.","Vatras może mi także pomóc poznać nowe kręgi magii.","","","topic_mycrew_11","",""
"SCRIPTS/CONTENT/gothic.d:4361","Bennet może mi pokazać, jak wykuć broń.","Bennet może mi pokazać, jak wykuć broń.","","","topic_mycrew_12","",""
"SCRIPTS/CONTENT/gothic.d:4362","Diego służy mi radą i amunicją. Nauczy mnie także, jak otwierać zamki i strzelać z kuszy oraz łuku.","Diego służy mi radą i amunicją. Nauczy mnie także, jak otwierać zamki i strzelać z kuszy oraz łuku.","","","topic_mycrew_13","",""
"SCRIPTS/CONTENT/gothic.d:4363","W czasie naszej podróży Gorn nie zmrużył oka. Pilnuje naszego statku. Wiem, że mogę mu zaufać.","W czasie naszej podróży Gorn nie zmrużył oka. Pilnuje naszego statku. Wiem, że mogę mu zaufać.","","","topic_mycrew_14","",""
"SCRIPTS/CONTENT/gothic.d:4364","Dzięki Gornowi będę się lepiej posługiwał bronią dwuręczną.","Dzięki Gornowi będę się lepiej posługiwał bronią dwuręczną.","","","topic_mycrew_15","",""
"SCRIPTS/CONTENT/gothic.d:4365","Lares obiecał nauczyć mnie skradania i walki bronią jednoręczną. Pomoże mi także stać się zręczniejszym.","Lares obiecał nauczyć mnie skradania i walki bronią jednoręczną. Pomoże mi także stać się zręczniejszym.","","","topic_mycrew_16","",""
"SCRIPTS/CONTENT/gothic.d:4366","Jedyne, na czym tak naprawdę zależy Biffowi, to pieniądze. Muszę na niego uważać.","Jedyne, na czym tak naprawdę zależy Biffowi, to pieniądze. Muszę na niego uważać.","","","topic_mycrew_17","",""
"SCRIPTS/CONTENT/gothic.d:4367","Angar jest bardzo niecierpliwy. Nie wiem, czy nie wyruszy sam do walki.","Angar jest bardzo niecierpliwy. Nie wiem, czy nie wyruszy sam do walki.","","","topic_mycrew_18","",""
"SCRIPTS/CONTENT/gothic.d:4368","Girion jest niezmiernie cierpliwy. Dobra cecha u nauczyciela posługiwania się bronią.","Girion jest niezmiernie cierpliwy. Dobra cecha u nauczyciela posługiwania się bronią.","","","topic_mycrew_19","",""
"SCRIPTS/CONTENT/gothic.d:4369","Fałszywy posłaniec","Fałszywy posłaniec","","","topic_nagur","",""
"SCRIPTS/CONTENT/gothic.d:4370","Na przełęcz","Na przełęcz","","","topic_namelessow","",""
"SCRIPTS/CONTENT/gothic.d:4371","Mam odprowadzić nieznajomego najemnika do przełęczy Górniczej Doliny.","Mam odprowadzić nieznajomego najemnika do przełęczy Górniczej Doliny.","","","topic_namelessow_1","",""
"SCRIPTS/CONTENT/gothic.d:4372","Odprowadziłem nieznajomego do przełęczy","Odprowadziłem nieznajomego do przełęczy","","","topic_namelessow_2","",""
"SCRIPTS/CONTENT/gothic.d:4373","Siedem ziół","Siedem ziół","","","topic_neoraspflanzen","",""
"SCRIPTS/CONTENT/gothic.d:4374","Zaginiony przepis","Zaginiony przepis","","","topic_neorasrezept","",""
"SCRIPTS/CONTENT/gothic.d:4375","Ruda dla kowala","Ruda dla kowala","","","topic_nuggets","",""
"SCRIPTS/CONTENT/gothic.d:4376","Lord Andre dał mi 10 bryłek rudy, resztę muszę zdobyć od najemników. Dostałem list do ich przywódcy oraz 500 sztuk złota.","Lord Andre dał mi 10 bryłek rudy, resztę muszę zdobyć od najemników. Dostałem list do ich przywódcy oraz 500 sztuk złota.","","","topic_nuggets_1","",""
"SCRIPTS/CONTENT/gothic.d:4377","Zakupiłem u kowala Benneta 5 bryłek rudy","Zakupiłem u kowala Benneta 5 bryłek rudy","","","topic_nuggets_2","",""
"SCRIPTS/CONTENT/gothic.d:4378","Harad potrzebuje 15 bryłek rudy","Harad potrzebuje 15 bryłek rudy","","","topic_nuggets_3","",""
"SCRIPTS/CONTENT/gothic.d:4379","Harad otrzymał swoją rudę","Harad otrzymał swoją rudę","","","topic_nuggets_4","",""
"SCRIPTS/CONTENT/gothic.d:4380","Opolos i przepis","Opolos i przepis","","","topic_opolosrezept","",""
"SCRIPTS/CONTENT/gothic.d:4381","Opolos i biblioteka","Opolos i biblioteka","","","topic_opolosstudy","",""
"SCRIPTS/CONTENT/gothic.d:4382","Hordy orkowych wojowników","Hordy orkowych wojowników","","","topic_orcelite","",""
"SCRIPTS/CONTENT/gothic.d:4383","Przy orkowym pułkowniku znalazłem dziwną mapę. Wygląda jak plan działań wojennych tych stworzeń.","Przy orkowym pułkowniku znalazłem dziwną mapę. Wygląda jak plan działań wojennych tych stworzeń.","","","topic_orcelite_1","",""
"SCRIPTS/CONTENT/gothic.d:4384","Informacje o orkach","Informacje o orkach","","","topic_orcinfo","",""
"SCRIPTS/CONTENT/gothic.d:4385","Mam udać się do łuczarza Bospera żeby zdobyć informacje o orkach w tej części wyspy","Mam udać się do łuczarza Bospera żeby zdobyć informacje o orkach w tej części wyspy","","","topic_orcinfo_1","",""
"SCRIPTS/CONTENT/gothic.d:4386","Andre nie spodobały się informacje o orkach","Andre nie spodobały się informacje o orkach","","","topic_orcinfo_2","",""
"SCRIPTS/CONTENT/gothic.d:4387","Bosper odesłał mnie do swojego byłego czeladnika - Bartoka","Bosper odesłał mnie do swojego byłego czeladnika - Bartoka","","","topic_orcinfo_3","",""
"SCRIPTS/CONTENT/gothic.d:4388","Bartok twierdzi, że znalazł trupa orka w lesie.","Bartok twierdzi, że znalazł trupa orka w lesie.","","","topic_orcinfo_4","",""
"SCRIPTS/CONTENT/gothic.d:4389","Bandyci w latarni","Bandyci w latarni","","","topic_orcpatrol","",""
"SCRIPTS/CONTENT/gothic.d:4390","Mam zabić bandytów w latarni morskiej","Mam zabić bandytów w latarni morskiej","","","topic_orcpatrol_1","",""
"SCRIPTS/CONTENT/gothic.d:4391","Bandyci zostali zabici","Bandyci zostali zabici","","","topic_orcpatrol_2","",""
"SCRIPTS/CONTENT/gothic.d:4392","Orkowy miecz","Orkowy miecz","","","topic_orcsword","",""
"SCRIPTS/CONTENT/gothic.d:4393","Mam odnaleźć miecz orkowego przywódcy, złodziej powinien ukrywać się gdzieś w zakamarkach zamku","Mam odnaleźć miecz orkowego przywódcy, złodziej powinien ukrywać się gdzieś w zakamarkach zamku","","","topic_orcsword_1","",""
"SCRIPTS/CONTENT/gothic.d:4394","Oddałem miecz, Garond jest bardziej zainteresowany śmiercią smoków","Oddałem miecz, Garond jest bardziej zainteresowany śmiercią smoków","","","topic_orcsword_2","",""
"SCRIPTS/CONTENT/gothic.d:4395","Znalazłem miecz Hosh-Paka i opętanego knechta","Znalazłem miecz Hosh-Paka i opętanego knechta","","","topic_orcsword_3","",""
"SCRIPTS/CONTENT/gothic.d:4396","Złe wieści","Złe wieści","","","topic_oricbruder","",""
"SCRIPTS/CONTENT/gothic.d:4397","Nauka w świecie zewnętrznym","Nauka w świecie zewnętrznym","","","topic_outteacher","",""
"SCRIPTS/CONTENT/gothic.d:4398","Handel w świecie zewnętrznym","Handel w świecie zewnętrznym","","","topic_outtrader","",""
"SCRIPTS/CONTENT/gothic.d:4399","Dostać się do górnego miasta","Dostać się do górnego miasta","","","topic_ov","",""
"SCRIPTS/CONTENT/gothic.d:4400","Miecz Paladyna","Miecz Paladyna","","","topic_paladinsword","",""
"SCRIPTS/CONTENT/gothic.d:4401","Mogę już konsekrować swój miecz","Mogę już konsekrować swój miecz","","","topic_paladinsword_1","",""
"SCRIPTS/CONTENT/gothic.d:4402","Powinienem udać się do klasztoru aby konsekrować swój miecz. Potrzebuję 2000 szt. złota. Muszę także oddać przysługę Magom.","Powinienem udać się do klasztoru aby konsekrować swój miecz. Potrzebuję 2000 szt. złota. Muszę także oddać przysługę Magom.","","","topic_paladinsword_2","",""
"SCRIPTS/CONTENT/gothic.d:4403","Teraz jestem już w pełni paladynem","Teraz jestem już w pełni paladynem","","","topic_paladinsword_3","",""
"SCRIPTS/CONTENT/gothic.d:4404","Komnata nowicjuszy","Komnata nowicjuszy","","","topic_parlanfegen","",""
"SCRIPTS/CONTENT/gothic.d:4405","Nowicjusz sprzątający piwnicę pomoże mi, jeśli zdołam znaleźć innego chętnego do pomocy w sprzątaniu komnat.","Nowicjusz sprzątający piwnicę pomoże mi, jeśli zdołam znaleźć innego chętnego do pomocy w sprzątaniu komnat.","","","topic_parlanfegen_1","",""
"SCRIPTS/CONTENT/gothic.d:4406","Nowicjusz z piwnicy pomoże mi teraz posprzątać komnaty.","Nowicjusz z piwnicy pomoże mi teraz posprzątać komnaty.","","","topic_parlanfegen_2","",""
"SCRIPTS/CONTENT/gothic.d:4407","Nowicjusz sprzed świątyni pomoże mi, jeśli dam mu 50 sztuk złota.","Nowicjusz sprzed świątyni pomoże mi, jeśli dam mu 50 sztuk złota.","","","topic_parlanfegen_3","",""
"SCRIPTS/CONTENT/gothic.d:4408","Nowicjusz sprzed świątyni pomoże mi teraz posprzątać komnaty.","Nowicjusz sprzed świątyni pomoże mi teraz posprzątać komnaty.","","","topic_parlanfegen_4","",""
"SCRIPTS/CONTENT/gothic.d:4409","Znalazłem nowicjusza, który zechciał mi pomóc w sprzątaniu komnat.","Znalazłem nowicjusza, który zechciał mi pomóc w sprzątaniu komnat.","","","topic_parlanfegen_5","",""
"SCRIPTS/CONTENT/gothic.d:4410","Towary Pecka","Towary Pecka","","","topic_peckproblem","",""
"SCRIPTS/CONTENT/gothic.d:4411","Peck potrzebuje piwa, wody i chleba. Jest chyba w złym stanie","Peck potrzebuje piwa, wody i chleba. Jest chyba w złym stanie","","","topic_peckproblem_1","",""
"SCRIPTS/CONTENT/gothic.d:4412","Przyniosłem Peckowi to, czego chciał","Przyniosłem Peckowi to, czego chciał","","","topic_peckproblem_2","",""
"SCRIPTS/CONTENT/gothic.d:4413","Gdzie jest Peck?","Gdzie jest Peck?","","","topic_peck","",""
"SCRIPTS/CONTENT/gothic.d:4414","Cztery wilki dla Pepe","Cztery wilki dla Pepe","","","topic_pepewolves","",""
"SCRIPTS/CONTENT/gothic.d:4415","Powrót do wieży","Powrót do wieży","","","topic_pyrokarcleardemontower","",""
"SCRIPTS/CONTENT/gothic.d:4416","Sekstans","Sekstans","","","topic_ramirezsextant","",""
"SCRIPTS/CONTENT/gothic.d:4417","Raport","Raport","","","topic_raportpablo","",""
"SCRIPTS/CONTENT/gothic.d:4418","Lord Andre kazał mi odebrać raport od strażnika na alei rzemieślników. Ma mnie zapoznać z obecną sytuacją w mieście.","Lord Andre kazał mi odebrać raport od strażnika na alei rzemieślników. Ma mnie zapoznać z obecną sytuacją w mieście.","","","topic_raportpablo_1","",""
"SCRIPTS/CONTENT/gothic.d:4419","Andre nie zainteresował się nawet raportem Pablo. W każdym razie, wykonałem zadanie","Andre nie zainteresował się nawet raportem Pablo. W każdym razie, wykonałem zadanie","","","topic_raportpablo_2","",""
"SCRIPTS/CONTENT/gothic.d:4420","Afera z zielem","Afera z zielem","","","topic_redlight","",""
"SCRIPTS/CONTENT/gothic.d:4421","Bennet siedzi w więzieniu","Bennet siedzi w więzieniu","","","topic_rescuebennet","",""
"SCRIPTS/CONTENT/gothic.d:4422","Das Tagebuch ist der Beweis, den ich brauche um Bennet zu entlasten.","Das Tagebuch ist der Beweis, den ich brauche um Bennet zu entlasten.","","","topic_rescuebennet_1","",""
"SCRIPTS/CONTENT/gothic.d:4423","Uratować Gorna","Uratować Gorna","","","topic_rescuegorn","",""
"SCRIPTS/CONTENT/gothic.d:4424","Lokaj sędziego","Lokaj sędziego","","","topic_richterlakai","",""
"SCRIPTS/CONTENT/gothic.d:4425","Miecz Roda","Miecz Roda","","","topic_rodwette","",""
"SCRIPTS/CONTENT/gothic.d:4426","Ucieczka Rosi","Ucieczka Rosi","","","topic_rosisflucht","",""
"SCRIPTS/CONTENT/gothic.d:4427","Zanieść rzepy Hildzie","Zanieść rzepy Hildzie","","","topic_ruebenbringen","",""
"SCRIPTS/CONTENT/gothic.d:4428","Zebrać rzepę z pola","Zebrać rzepę z pola","","","topic_rueben","",""
"SCRIPTS/CONTENT/gothic.d:4429","Tworzenie runy","Tworzenie runy","","","topic_rune","",""
"SCRIPTS/CONTENT/gothic.d:4430","Słoneczny aloes","Słoneczny aloes","","","topic_sagittaherb","",""
"SCRIPTS/CONTENT/gothic.d:4431","Tajemnicza Śmierć","Tajemnicza Śmierć","","","topic_samobojstwo","",""
"SCRIPTS/CONTENT/gothic.d:4432","Muszę rozwikłać sprawę śmierci kobiety. Jej mężem był Fernando z Górnego Miasta.","Muszę rozwikłać sprawę śmierci kobiety. Jej mężem był Fernando z Górnego Miasta.","","","topic_samobojstwo_1","",""
"SCRIPTS/CONTENT/gothic.d:4433","Camilla paliła tytoń lub bagienne ziele","Camilla paliła tytoń lub bagienne ziele","","","topic_samobojstwo_2","",""
"SCRIPTS/CONTENT/gothic.d:4434","Mikstury sprzedawane przez Zurisa są czyste","Mikstury sprzedawane przez Zurisa są czyste","","","topic_samobojstwo_3","",""
"SCRIPTS/CONTENT/gothic.d:4435","W tytoniu Abuyina znajduje się bagienne ziele","W tytoniu Abuyina znajduje się bagienne ziele","","","topic_samobojstwo_4","",""
"SCRIPTS/CONTENT/gothic.d:4436","Bagienne ziele zażywane przez długi czas prowadzi do depresji","Bagienne ziele zażywane przez długi czas prowadzi do depresji","","","topic_samobojstwo_5","",""
"SCRIPTS/CONTENT/gothic.d:4437","Sprawa zamknięta","Sprawa zamknięta","","","topic_samobojstwo_6","",""
"SCRIPTS/CONTENT/gothic.d:4438","Camilla paliła tytoń lub bagienne ziele","Camilla paliła tytoń lub bagienne ziele","","","topic_samobojstwo_7","",""
"SCRIPTS/CONTENT/gothic.d:4439","Kobieta zachowywała się normalnie","Kobieta zachowywała się normalnie","","","topic_samobojstwo_8","",""
"SCRIPTS/CONTENT/gothic.d:4440","Codziennie bywała na targowisku","Codziennie bywała na targowisku","","","topic_samobojstwo_9","",""
"SCRIPTS/CONTENT/gothic.d:4441","Fernando twierdzi, że jego żona nie paliła tytoniu ani bagiennego ziela. Podobno pachniała tylko jabłkami","Fernando twierdzi, że jego żona nie paliła tytoniu ani bagiennego ziela. Podobno pachniała tylko jabłkami","","","topic_samobojstwo_10","",""
"SCRIPTS/CONTENT/gothic.d:4442","Camilla kupowała u Constantina mikstury lecznicze, wziąłem próbkę do zbadania","Camilla kupowała u Constantina mikstury lecznicze, wziąłem próbkę do zbadania","","","topic_samobojstwo_11","",""
"SCRIPTS/CONTENT/gothic.d:4443","Zuris bierze towary od chemika Constantino","Zuris bierze towary od chemika Constantino","","","topic_samobojstwo_12","",""
"SCRIPTS/CONTENT/gothic.d:4444","Constantino mówi, że sprzedał Abuinowi środki uspokajające","Constantino mówi, że sprzedał Abuinowi środki uspokajające","","","topic_samobojstwo_13","",""
"SCRIPTS/CONTENT/gothic.d:4445","Camilla często paliła u Abuyina tytoń jablkowy. Warto go zbadać","Camilla często paliła u Abuyina tytoń jablkowy. Warto go zbadać","","","topic_samobojstwo_14","",""
"SCRIPTS/CONTENT/gothic.d:4446","To Abuyin pośrednio przyczynił się do śmierci Camilli.","To Abuyin pośrednio przyczynił się do śmierci Camilli.","","","topic_samobojstwo_15","",""
"SCRIPTS/CONTENT/gothic.d:4447","Ścieżka Wiernych","Ścieżka Wiernych","","","topic_schnitzeljagd","",""
"SCRIPTS/CONTENT/gothic.d:4448","Kopacze i ruda","Kopacze i ruda","","","topic_scoutmine","",""
"SCRIPTS/CONTENT/gothic.d:4449","Wygnany farmer","Wygnany farmer","","","topic_sekobdmt","",""
"SCRIPTS/CONTENT/gothic.d:4450","Zguba w ciemności","Zguba w ciemności","","","topic_sengrath_missing","",""
"SCRIPTS/CONTENT/gothic.d:4451","Potrzebuję okrętu","Potrzebuję okrętu","","","topic_ship","",""
"SCRIPTS/CONTENT/gothic.d:4452","Wygląda na to, że muszę się dostać na wyspę nieprzyjaciela. Będę potrzebował statku, załogi i kapitana.","Wygląda na to, że muszę się dostać na wyspę nieprzyjaciela. Będę potrzebował statku, załogi i kapitana.","","","topic_ship_1","",""
"SCRIPTS/CONTENT/gothic.d:4453","Szacunek","Szacunek","","","topic_sldrespekt","",""
"SCRIPTS/CONTENT/gothic.d:4454","Nauka na farmie Onara","Nauka na farmie Onara","","","topic_soldierteacher","",""
"SCRIPTS/CONTENT/gothic.d:4455","Handel na farmie Onara","Handel na farmie Onara","","","topic_soldiertrader","",""
"SCRIPTS/CONTENT/gothic.d:4456","Dwa lodowe golemy dla Sylvia","Dwa lodowe golemy dla Sylvia","","","topic_sylviokillicegolem","",""
"SCRIPTS/CONTENT/gothic.d:4457","Muszę się stąd wydostać!","Muszę się stąd wydostać!","","","topic_talbin_runs","",""
"SCRIPTS/CONTENT/gothic.d:4458","Napoje","Napoje","","","topic_talentalchemy","",""
"SCRIPTS/CONTENT/gothic.d:4459","Do przygotowania mikstury leczniczej potrzebne są 3 esencje lecznicze oraz 1 rdest polny.","Do przygotowania mikstury leczniczej potrzebne są 3 esencje lecznicze oraz 1 rdest polny.","","","topic_talentalchemy_1","",""
"SCRIPTS/CONTENT/gothic.d:4460","Do przygotowania mikstury many potrzebne są 3 esencje many oraz 1 rdest polny.","Do przygotowania mikstury many potrzebne są 3 esencje many oraz 1 rdest polny.","","","topic_talentalchemy_2","",""
"SCRIPTS/CONTENT/gothic.d:4461","Jeśli zechcę uwarzyć miksturę, to będę potrzebować pustej menzurki oraz właściwych składników. Dzięki nim mogę przygotować na stole alchemicznym właściwą mieszankę.","Jeśli zechcę uwarzyć miksturę, to będę potrzebować pustej menzurki oraz właściwych składników. Dzięki nim mogę przygotować na stole alchemicznym właściwą mieszankę.","","","topic_talentalchemy_3","",""
"SCRIPTS/CONTENT/gothic.d:4462","Składniki ´ESENCJI LECZNICZEJ´: 2 rośliny lecznicze i 1 rdest polny.","Składniki ´ESENCJI LECZNICZEJ´: 2 rośliny lecznicze i 1 rdest polny.","","","topic_talentalchemy_4","",""
"SCRIPTS/CONTENT/gothic.d:4463","Składniki ´EKSTRAKTU LECZNICZEGO´: 2 zioła lecznicze i 1 rdest polny.","Składniki ´EKSTRAKTU LECZNICZEGO´: 2 zioła lecznicze i 1 rdest polny.","","","topic_talentalchemy_5","",""
"SCRIPTS/CONTENT/gothic.d:4464","Składniki ´ELIKSIRU LECZNICZEGO´: 2 korzenie lecznicze i 1 rdest polny.","Składniki ´ELIKSIRU LECZNICZEGO´: 2 korzenie lecznicze i 1 rdest polny.","","","topic_talentalchemy_6","",""
"SCRIPTS/CONTENT/gothic.d:4465","Składniki ´ESENCJI MANY´: 2 ogniste pokrzywy i 1 rdest polny.","Składniki ´ESENCJI MANY´: 2 ogniste pokrzywy i 1 rdest polny.","","","topic_talentalchemy_7","",""
"SCRIPTS/CONTENT/gothic.d:4466","Składniki ´EKSTRAKTU MANY´: 2 ogniste zioła i 1 rdest polny.","Składniki ´EKSTRAKTU MANY´: 2 ogniste zioła i 1 rdest polny.","","","topic_talentalchemy_8","",""
"SCRIPTS/CONTENT/gothic.d:4467","Składniki ´ELIKSIRU MANY´: 2 ogniste korzenie i 1 rdest polny","Składniki ´ELIKSIRU MANY´: 2 ogniste korzenie i 1 rdest polny","","","topic_talentalchemy_9","",""
"SCRIPTS/CONTENT/gothic.d:4468","Składniki ´MIKSTURY SZYBKOŚCI´: 1 zębate ziele i 1 rdest polny","Składniki ´MIKSTURY SZYBKOŚCI´: 1 zębate ziele i 1 rdest polny","","","topic_talentalchemy_10","",""
"SCRIPTS/CONTENT/gothic.d:4469","Składniki ´ELIKSIRU SIŁY´: 1 smoczy korzeń i 1 szczaw królewski.","Składniki ´ELIKSIRU SIŁY´: 1 smoczy korzeń i 1 szczaw królewski.","","","topic_talentalchemy_11","",""
"SCRIPTS/CONTENT/gothic.d:4470","Składniki ´ELIKSIRU ZRĘCZNOŚCI´: 1 goblinia jagoda i 1 szczaw królewski.","Składniki ´ELIKSIRU ZRĘCZNOŚCI´: 1 goblinia jagoda i 1 szczaw królewski.","","","topic_talentalchemy_12","",""
"SCRIPTS/CONTENT/gothic.d:4471","Składniki ´ELIKSIRU MAGII´: 1 ognisty korzeń i 1 szczaw królewski.","Składniki ´ELIKSIRU MAGII´: 1 ognisty korzeń i 1 szczaw królewski.","","","topic_talentalchemy_13","",""
"SCRIPTS/CONTENT/gothic.d:4472","Składniki ´ELIKSIRU ŻYCIA´: 1 korzeń leczniczy i 1 szczaw królewski.","Składniki ´ELIKSIRU ŻYCIA´: 1 korzeń leczniczy i 1 szczaw królewski.","","","topic_talentalchemy_14","",""
"SCRIPTS/CONTENT/gothic.d:4473","Preparowanie zwierząt","Preparowanie zwierząt","","","topic_talentanimaltrophy","",""
"SCRIPTS/CONTENT/gothic.d:4474","Teraz mogę:","Teraz mogę:","","","topic_talentanimaltrophy_1","",""
"SCRIPTS/CONTENT/gothic.d:4475","...usuwać zwierzętom kły.","...usuwać zwierzętom kły.","","","topic_talentanimaltrophy_2","",""
"SCRIPTS/CONTENT/gothic.d:4476","...usuwać zwierzętom pazury.","...usuwać zwierzętom pazury.","","","topic_talentanimaltrophy_3","",""
"SCRIPTS/CONTENT/gothic.d:4477","...oprawiać zwierzęta.","...oprawiać zwierzęta.","","","topic_talentanimaltrophy_4","",""
"SCRIPTS/CONTENT/gothic.d:4478","...zdejmować skórę jaszczurów.","...zdejmować skórę jaszczurów.","","","topic_talentanimaltrophy_5","",""
"SCRIPTS/CONTENT/gothic.d:4479","...usuwać serca golemom i demonom.","...usuwać serca golemom i demonom.","","","topic_talentanimaltrophy_6","",""
"SCRIPTS/CONTENT/gothic.d:4480","...usuwać rogi cieniostworom.","...usuwać rogi cieniostworom.","","","topic_talentanimaltrophy_7","",""
"SCRIPTS/CONTENT/gothic.d:4481","...usuwać ognistym jaszczurom języki.","...usuwać ognistym jaszczurom języki.","","","topic_talentanimaltrophy_8","",""
"SCRIPTS/CONTENT/gothic.d:4482","...usuwać krwiopijcom skrzydła.","...usuwać krwiopijcom skrzydła.","","","topic_talentanimaltrophy_9","",""
"SCRIPTS/CONTENT/gothic.d:4483","...usuwać krwiopijcom żądła.","...usuwać krwiopijcom żądła.","","","topic_talentanimaltrophy_10","",""
"SCRIPTS/CONTENT/gothic.d:4484","...usuwać zwierzętom żuwaczki.","...usuwać zwierzętom żuwaczki.","","","topic_talentanimaltrophy_11","",""
"SCRIPTS/CONTENT/gothic.d:4485","...usuwać pełzaczom pancerze","...usuwać pełzaczom pancerze","","","topic_talentanimaltrophy_12","",""
"SCRIPTS/CONTENT/gothic.d:4486","...usuwać smoczym zębaczom rogi.","...usuwać smoczym zębaczom rogi.","","","topic_talentanimaltrophy_13","",""
"SCRIPTS/CONTENT/gothic.d:4487","...zbierać smocze łuski ze skór zabitych smoków.","...zbierać smocze łuski ze skór zabitych smoków.","","","topic_talentanimaltrophy_14","",""
"SCRIPTS/CONTENT/gothic.d:4488","...magazynować krew zabitych smoków.","...magazynować krew zabitych smoków.","","","topic_talentanimaltrophy_15","",""
"SCRIPTS/CONTENT/gothic.d:4489","Kręgi magii","Kręgi magii","","","topic_talentmagiccircle","",""
"SCRIPTS/CONTENT/gothic.d:4490","Magiczne runy, do których mam dostęp, są podzielone na kręgi. Nie mogę korzystać z zaklęć wymagających stopnia wtajemniczenia przekraczającego moją aktualną wiedzę.","Magiczne runy, do których mam dostęp, są podzielone na kręgi. Nie mogę korzystać z zaklęć wymagających stopnia wtajemniczenia przekraczającego moją aktualną wiedzę.","","","topic_talentmagiccircle_1","",""
"SCRIPTS/CONTENT/gothic.d:4491","Zaklęcia z pierwszego kręgu to: światło, Ognista strzała, Mała błyskawica, Leczenie lekkich ran i Przyzwanie szkieletu-goblina.","Zaklęcia z pierwszego kręgu to: światło, Ognista strzała, Mała błyskawica, Leczenie lekkich ran i Przyzwanie szkieletu-goblina.","","","topic_talentmagiccircle_2","",""
"SCRIPTS/CONTENT/gothic.d:4492","Zaklęcia z drugiego kręgu to: Kula ognia, Lodowa strzała, Przyzwanie wilka, Pięść wichru i Sen.","Zaklęcia z drugiego kręgu to: Kula ognia, Lodowa strzała, Przyzwanie wilka, Pięść wichru i Sen.","","","topic_talentmagiccircle_3","",""
"SCRIPTS/CONTENT/gothic.d:4493","Zaklęcia z trzeciego kręgu to: Leczenie średnich ran, Piorun kulisty, Mała burza ognista, Tworzenie szkieletu, Strach i Bryła lodu.","Zaklęcia z trzeciego kręgu to: Leczenie średnich ran, Piorun kulisty, Mała burza ognista, Tworzenie szkieletu, Strach i Bryła lodu.","","","topic_talentmagiccircle_4","",""
"SCRIPTS/CONTENT/gothic.d:4494","Zaklęcia z czwartego kręgu to: Błyskawica, Tworzenie kamiennego golema, Zniszczenie ożywieńca i Duża kula ognia.","Zaklęcia z czwartego kręgu to: Błyskawica, Tworzenie kamiennego golema, Zniszczenie ożywieńca i Duża kula ognia.","","","topic_talentmagiccircle_5","",""
"SCRIPTS/CONTENT/gothic.d:4495","Zaklęcia z piątego kręgu to: Duża burza ognista, Lodowa fala, Przyzwanie demona i Leczenie ciężkich ran.","Zaklęcia z piątego kręgu to: Duża burza ognista, Lodowa fala, Przyzwanie demona i Leczenie ciężkich ran.","","","topic_talentmagiccircle_6","",""
"SCRIPTS/CONTENT/gothic.d:4496","Zaklęcia z szóstego kręgu to: Deszcz ognia, Tchnienie śmierci, Śmiertelna fala, Armia ciemności i Zmniejszenie potwora.","Zaklęcia z szóstego kręgu to: Deszcz ognia, Tchnienie śmierci, Śmiertelna fala, Armia ciemności i Zmniejszenie potwora.","","","topic_talentmagiccircle_7","",""
"SCRIPTS/CONTENT/gothic.d:4497","Runy","Runy","","","topic_talentrunes","",""
"SCRIPTS/CONTENT/gothic.d:4498","Składniki runy 'święty pocisk': 1 porcja wody święconej, nie potrzeba zwoju z zaklęciem","Składniki runy 'święty pocisk': 1 porcja wody święconej, nie potrzeba zwoju z zaklęciem","","","topic_talentrunes_1","",""
"SCRIPTS/CONTENT/gothic.d:4499","Tworzenie run wymaga użycia odpowiednich składników. Cały proces wymaga jeszcze odpowiedniego stołu i pustego kamienia runicznego.","Tworzenie run wymaga użycia odpowiednich składników. Cały proces wymaga jeszcze odpowiedniego stołu i pustego kamienia runicznego.","","","topic_talentrunes_2","",""
"SCRIPTS/CONTENT/gothic.d:4500","Składniki runy 'Tajny teleport': 1 porcja łez Innosa","Składniki runy 'Tajny teleport': 1 porcja łez Innosa","","","topic_talentrunes_3","",""
"SCRIPTS/CONTENT/gothic.d:4501","Aby stworzyć runę, potrzeba zwoju z zaklęciem i pewnych składników. Dzięki nim oraz pustemu kamieniowi runicznemu mogę na runicznym stole stworzyć właściwą runę.","Aby stworzyć runę, potrzeba zwoju z zaklęciem i pewnych składników. Dzięki nim oraz pustemu kamieniowi runicznemu mogę na runicznym stole stworzyć właściwą runę.","","","topic_talentrunes_4","",""
"SCRIPTS/CONTENT/gothic.d:4502","Runa ´ŚWIATŁO´: 1 złota moneta.","Runa ´ŚWIATŁO´: 1 złota moneta.","","","topic_talentrunes_5","",""
"SCRIPTS/CONTENT/gothic.d:4503","Runa ´OGNISTA STRZAŁA´: 1 siarka.","Runa ´OGNISTA STRZAŁA´: 1 siarka.","","","topic_talentrunes_6","",""
"SCRIPTS/CONTENT/gothic.d:4504","Runa ´LODOWA STRZAŁA´: 1 kwarcyt","Runa ´LODOWA STRZAŁA´: 1 kwarcyt","","","topic_talentrunes_7","",""
"SCRIPTS/CONTENT/gothic.d:4505","Runa ´LECZENIE LEKKICH RAN´: 1 roślina lecznicza.","Runa ´LECZENIE LEKKICH RAN´: 1 roślina lecznicza.","","","topic_talentrunes_8","",""
"SCRIPTS/CONTENT/gothic.d:4506","Runa ´TWORZENIE SZKIELETU GOBLINA´: 1 kość goblina.","Runa ´TWORZENIE SZKIELETU GOBLINA´: 1 kość goblina.","","","topic_talentrunes_9","",""
"SCRIPTS/CONTENT/gothic.d:4507","Runa ´KULA OGNIA´: 1 smoła","Runa ´KULA OGNIA´: 1 smoła","","","topic_talentrunes_10","",""
"SCRIPTS/CONTENT/gothic.d:4508","Runa ´MAŁA BŁYSKAWICA`: 1 skała krystaliczna.","Runa ´MAŁA BŁYSKAWICA`: 1 skała krystaliczna.","","","topic_talentrunes_11","",""
"SCRIPTS/CONTENT/gothic.d:4509","Runa ´PRZYZWANIE WILKA´: 1 skóra wilka.","Runa ´PRZYZWANIE WILKA´: 1 skóra wilka.","","","topic_talentrunes_12","",""
"SCRIPTS/CONTENT/gothic.d:4510","Runa ´PIĘŚĆ WICHRU´: 1 węgiel.","Runa ´PIĘŚĆ WICHRU´: 1 węgiel.","","","topic_talentrunes_13","",""
"SCRIPTS/CONTENT/gothic.d:4511","Runa ´SEN`: 1 bagienne ziele.","Runa ´SEN`: 1 bagienne ziele.","","","topic_talentrunes_14","",""
"SCRIPTS/CONTENT/gothic.d:4512","Runa ´LECZENIE ŚREDNICH RAN´: 1 ziele lecznicze.","Runa ´LECZENIE ŚREDNICH RAN´: 1 ziele lecznicze.","","","topic_talentrunes_15","",""
"SCRIPTS/CONTENT/gothic.d:4513","Runa ´BŁYSKAWICA´: 1 skała krystaliczna i 1 kwarcyt.","Runa ´BŁYSKAWICA´: 1 skała krystaliczna i 1 kwarcyt.","","","topic_talentrunes_16","",""
"SCRIPTS/CONTENT/gothic.d:4514","Runa ´DUŻA KULA OGNIA´: 1 siarka i 1 smoła.","Runa ´DUŻA KULA OGNIA´: 1 siarka i 1 smoła.","","","topic_talentrunes_17","",""
"SCRIPTS/CONTENT/gothic.d:4515","Runa ´TWORZENIE SZKIELETU´: 1 kość szkieletu.","Runa ´TWORZENIE SZKIELETU´: 1 kość szkieletu.","","","topic_talentrunes_18","",""
"SCRIPTS/CONTENT/gothic.d:4516","Runa ´STRACH´: 1 czarna perła.","Runa ´STRACH´: 1 czarna perła.","","","topic_talentrunes_19","",""
"SCRIPTS/CONTENT/gothic.d:4517","Runa ´BRYŁA LODU´: 1 kwarcyt i 1 akwamaryn.","Runa ´BRYŁA LODU´: 1 kwarcyt i 1 akwamaryn.","","","topic_talentrunes_20","",""
"SCRIPTS/CONTENT/gothic.d:4518","Runa ´PIORUN KULISTY´: 1 siarka i 1 skała krystaliczna.","Runa ´PIORUN KULISTY´: 1 siarka i 1 skała krystaliczna.","","","topic_talentrunes_21","",""
"SCRIPTS/CONTENT/gothic.d:4519","Runa `OBUDZENIE GOLEMA`: 1 serce kamiennego golema.","Runa `OBUDZENIE GOLEMA`: 1 serce kamiennego golema.","","","topic_talentrunes_22","",""
"SCRIPTS/CONTENT/gothic.d:4520","Runa ´ZNISZCZENIE OŻYWIEŃCA´: 1 woda święcona.","Runa ´ZNISZCZENIE OŻYWIEŃCA´: 1 woda święcona.","","","topic_talentrunes_23","",""
"SCRIPTS/CONTENT/gothic.d:4521","Runa `DUŻA BURZA OGNISTA´: 1 siarka i 1 język ognistego jaszczura.","Runa `DUŻA BURZA OGNISTA´: 1 siarka i 1 język ognistego jaszczura.","","","topic_talentrunes_24","",""
"SCRIPTS/CONTENT/gothic.d:4522","Runa ´MAŁA BURZA OGNISTA´: 1 smoła i 1 siarka.","Runa ´MAŁA BURZA OGNISTA´: 1 smoła i 1 siarka.","","","topic_talentrunes_25","",""
"SCRIPTS/CONTENT/gothic.d:4523","Runa ´LODOWA FALA´: 1 kwarcyt i 1 akwamaryn.","Runa ´LODOWA FALA´: 1 kwarcyt i 1 akwamaryn.","","","topic_talentrunes_26","",""
"SCRIPTS/CONTENT/gothic.d:4524","Runa ´PRZYZWANIE DEMONA´: 1 serce demona.","Runa ´PRZYZWANIE DEMONA´: 1 serce demona.","","","topic_talentrunes_27","",""
"SCRIPTS/CONTENT/gothic.d:4525","Runa ´LECZENIE CIĘŻKICH RAN´ : 1 korzeń leczniczy.","Runa ´LECZENIE CIĘŻKICH RAN´ : 1 korzeń leczniczy.","","","topic_talentrunes_28","",""
"SCRIPTS/CONTENT/gothic.d:4526","Runa ´DESZCZ OGNIA´: 1 siarka i 1 język ognistego jaszczura","Runa ´DESZCZ OGNIA´: 1 siarka i 1 język ognistego jaszczura","","","topic_talentrunes_29","",""
"SCRIPTS/CONTENT/gothic.d:4527","Runa ´TCHNIENIE ŚMIERCI´: 1 węgiel i 1 czarna perła","Runa ´TCHNIENIE ŚMIERCI´: 1 węgiel i 1 czarna perła","","","topic_talentrunes_30","",""
"SCRIPTS/CONTENT/gothic.d:4528","Runa ´ŚMIERTELNA FALA´: 1 kość szkieletu i 1 czarna perła","Runa ´ŚMIERTELNA FALA´: 1 kość szkieletu i 1 czarna perła","","","topic_talentrunes_31","",""
"SCRIPTS/CONTENT/gothic.d:4529","Runa ´ARMIA CIEMNOŚCI´: 1 kość szkieletu, 1 czarna perła, 1 serce kamiennego golema i 1 serce demona. ","Runa ´ARMIA CIEMNOŚCI´: 1 kość szkieletu, 1 czarna perła, 1 serce kamiennego golema i 1 serce demona. ","","","topic_talentrunes_32","",""
"SCRIPTS/CONTENT/gothic.d:4530","Runa ´ZMNIEJSZENIE POTWORA´: 1 kość goblina i 1 kieł trolla.","Runa ´ZMNIEJSZENIE POTWORA´: 1 kość goblina i 1 kieł trolla.","","","topic_talentrunes_33","",""
"SCRIPTS/CONTENT/gothic.d:4531","Wykuwanie","Wykuwanie","","","topic_talentsmith","",""
"SCRIPTS/CONTENT/gothic.d:4532","Jeśli zechcę wykuć jakąś broń, to po pierwsze będzie mi potrzebny kawał surowej stali, który trzeba rozgrzać do czerwoności w kuźni, a następnie ukształtować na kowadle. Nadanie broni jakichś specjalnych charakterystyk będzie wymagało użycia dodatkowych składników.","Jeśli zechcę wykuć jakąś broń, to po pierwsze będzie mi potrzebny kawał surowej stali, który trzeba rozgrzać do czerwoności w kuźni, a następnie ukształtować na kowadle. Nadanie broni jakichś specjalnych charakterystyk będzie wymagało użycia dodatkowych składników.","","","topic_talentsmith_1","",""
"SCRIPTS/CONTENT/gothic.d:4533","Dodanie na przykład czterech bryłek rudy i pięciu porcji smoczej krwi umożliwi mi wykucie magicznego ostrza na smoki, a","Dodanie na przykład czterech bryłek rudy i pięciu porcji smoczej krwi umożliwi mi wykucie magicznego ostrza na smoki, a","","","topic_talentsmith_2","",""
"SCRIPTS/CONTENT/gothic.d:4534","pięciu bryłek rudy i pięciu porcji smoczej krwi - dużego magicznego ostrza na smoki.","pięciu bryłek rudy i pięciu porcji smoczej krwi - dużego magicznego ostrza na smoki.","","","topic_talentsmith_3","",""
"SCRIPTS/CONTENT/gothic.d:4535","Jeśli zechcę wykuć jakąś broń, to po pierwsze będzie mi potrzebny kawał surowej stali, który muszę rozgrzać do czerwoności w kuźni, a następnie nadać mu odpowiedni kształt na kowadle. Jeśli zechcę nadać broni jakieś specjalne charakterystyki, to będę musiał użyć dodatkowych składników.","Jeśli zechcę wykuć jakąś broń, to po pierwsze będzie mi potrzebny kawał surowej stali, który muszę rozgrzać do czerwoności w kuźni, a następnie nadać mu odpowiedni kształt na kowadle. Jeśli zechcę nadać broni jakieś specjalne charakterystyki, to będę musiał użyć dodatkowych składników.","","","topic_talentsmith_4","",""
"SCRIPTS/CONTENT/gothic.d:4536","Najprostszy miecz nie potrzebuje żadnych dodatków.","Najprostszy miecz nie potrzebuje żadnych dodatków.","","","topic_talentsmith_5","",""
"SCRIPTS/CONTENT/gothic.d:4537","Gdy zdobędę 1 bryłkę rudy, zrobię ´DŁUGI MIECZ Z RUDY´.","Gdy zdobędę 1 bryłkę rudy, zrobię ´DŁUGI MIECZ Z RUDY´.","","","topic_talentsmith_6","",""
"SCRIPTS/CONTENT/gothic.d:4538","Gdy zdobędę 2 bryłki rudy, zrobię ´MIECZ DWURĘCZNY Z RUDY´.","Gdy zdobędę 2 bryłki rudy, zrobię ´MIECZ DWURĘCZNY Z RUDY´.","","","topic_talentsmith_7","",""
"SCRIPTS/CONTENT/gothic.d:4539","Gdy zdobędę 2 bryłki rudy, zrobię ´MIECZ PÓŁTORARĘCZNY Z RUDY´.","Gdy zdobędę 2 bryłki rudy, zrobię ´MIECZ PÓŁTORARĘCZNY Z RUDY´.","","","topic_talentsmith_8","",""
"SCRIPTS/CONTENT/gothic.d:4540","Gdy zdobędę 3 bryłki rudy, zrobię ´CIĘŻKI MIECZ DWURĘCZNY Z RUDY´.","Gdy zdobędę 3 bryłki rudy, zrobię ´CIĘŻKI MIECZ DWURĘCZNY Z RUDY´.","","","topic_talentsmith_9","",""
"SCRIPTS/CONTENT/gothic.d:4541","Gdy zdobędę 3 bryłki rudy, zrobię ´OSTRZE BOJOWE Z RUDY´.","Gdy zdobędę 3 bryłki rudy, zrobię ´OSTRZE BOJOWE Z RUDY´.","","","topic_talentsmith_10","",""
"SCRIPTS/CONTENT/gothic.d:4542","Gdy zdobędę 4 bryłki rudy, zrobię ´CIĘŻKIE OSTRZE BOJOWE Z RUDY´.","Gdy zdobędę 4 bryłki rudy, zrobię ´CIĘŻKIE OSTRZE BOJOWE Z RUDY´.","","","topic_talentsmith_11","",""
"SCRIPTS/CONTENT/gothic.d:4543","Gdy zdobędę 4 bryłki rudy i 5 porcji smoczej krwi, zrobię ´OSTRZE Z RUDY NA SMOKI´.","Gdy zdobędę 4 bryłki rudy i 5 porcji smoczej krwi, zrobię ´OSTRZE Z RUDY NA SMOKI´.","","","topic_talentsmith_12","",""
"SCRIPTS/CONTENT/gothic.d:4544","Gdy zdobędę 5 bryłek rudy i 5 porcji smoczej krwi, zrobię ´DUŻE OSTRZE Z RUDY NA SMOKI´.","Gdy zdobędę 5 bryłek rudy i 5 porcji smoczej krwi, zrobię ´DUŻE OSTRZE Z RUDY NA SMOKI´.","","","topic_talentsmith_13","",""
"SCRIPTS/CONTENT/gothic.d:4545","Teraz mogę wykuć dobry miecz.","Teraz mogę wykuć dobry miecz.","","","topic_talentsmith_14","",""
"SCRIPTS/CONTENT/gothic.d:4546","Teraz mogę wykuć także długi miecz.","Teraz mogę wykuć także długi miecz.","","","topic_talentsmith_15","",""
"SCRIPTS/CONTENT/gothic.d:4547","Teraz mogę wykuć nawet Rubinowe Ostrze.","Teraz mogę wykuć nawet Rubinowe Ostrze.","","","topic_talentsmith_16","",""
"SCRIPTS/CONTENT/gothic.d:4548","Harad nauczył mnie, jak wykuć 'El Bastardo' – jedną z najlepszych znanych broni jednoręcznych.","Harad nauczył mnie, jak wykuć 'El Bastardo' – jedną z najlepszych znanych broni jednoręcznych.","","","topic_talentsmith_17","",""
"SCRIPTS/CONTENT/gothic.d:4549","Nauka","Nauka","","","topic_teacher","",""
"SCRIPTS/CONTENT/gothic.d:4550","Nauka w zamku","Nauka w zamku","","","topic_teacher_oc","",""
"SCRIPTS/CONTENT/gothic.d:4551","Pierścień Tengrona","Pierścień Tengrona","","","topic_tengronring","",""
"SCRIPTS/CONTENT/gothic.d:4552","Gulasz","Gulasz","","","topic_theklaeintopf","",""
"SCRIPTS/CONTENT/gothic.d:4553","Błogosławieństwo bogów","Błogosławieństwo bogów","","","topic_thorben","",""
"SCRIPTS/CONTENT/gothic.d:4554","Odpędzić straż","Odpędzić straż","","","topic_torlofmiliz","",""
"SCRIPTS/CONTENT/gothic.d:4555","Zebrać czynsz","Zebrać czynsz","","","topic_torlofpacht","",""
"SCRIPTS/CONTENT/gothic.d:4556","Torlofa strach przed Złym","Torlofa strach przed Złym","","","topic_torlof_dmt","",""
"SCRIPTS/CONTENT/gothic.d:4557","Handel w zamku","Handel w zamku","","","topic_trader_oc","",""
"SCRIPTS/CONTENT/gothic.d:4558","Pedro zdrajca","Pedro zdrajca","","","topic_traitorpedro","",""
"SCRIPTS/CONTENT/gothic.d:4559","Znalazłem Oko Innosa, ale nie natknąłem się jak do tej pory na żaden ślad Pedra. Ci czarni magowie najwyraźniej się z nim jakoś porozumieli.","Znalazłem Oko Innosa, ale nie natknąłem się jak do tej pory na żaden ślad Pedra. Ci czarni magowie najwyraźniej się z nim jakoś porozumieli.","","","topic_traitorpedro_1","",""
"SCRIPTS/CONTENT/gothic.d:4560","Zbezczeszczone kapliczki","Zbezczeszczone kapliczki","","","topic_ulthar_heileschreine_pal","",""
"SCRIPTS/CONTENT/gothic.d:4561","Ur-Shak","Ur-Shak","","","topic_urshak","",""
"SCRIPTS/CONTENT/gothic.d:4562","Odnalazłem mego starego orkowego przyjaciela, Ur-Shaka.","Odnalazłem mego starego orkowego przyjaciela, Ur-Shaka.","","","topic_urshak_1","",""
"SCRIPTS/CONTENT/gothic.d:4563","Wciąż nie przekonał swego ludu do wysłuchania jego racji. Ciągle jest wygnańcem.","Wciąż nie przekonał swego ludu do wysłuchania jego racji. Ciągle jest wygnańcem.","","","topic_urshak_2","",""
"SCRIPTS/CONTENT/gothic.d:4564","Ur-Shak planuje spotkać się z orkowym szamanem, Hosh-Pakiem. Chce otrzymać pozwolenie na ponowne dołączenie do Rady Szamanów.","Ur-Shak planuje spotkać się z orkowym szamanem, Hosh-Pakiem. Chce otrzymać pozwolenie na ponowne dołączenie do Rady Szamanów.","","","topic_urshak_3","",""
"SCRIPTS/CONTENT/gothic.d:4565","Hosh-Pak nie żyje. Mój orkowy przyjaciel zmierza do jego namiotów, pogrążony w żałobie po swoim mentorze. Nie powinienem mu przeszkadzać.","Hosh-Pak nie żyje. Mój orkowy przyjaciel zmierza do jego namiotów, pogrążony w żałobie po swoim mentorze. Nie powinienem mu przeszkadzać.","","","topic_urshak_4","",""
"SCRIPTS/CONTENT/gothic.d:4566","Rada orkowych szamanów ponownie przyjęła w swe szeregi Ur-Shaka. Walczy on teraz po stronie wroga... Nie wiem, jak zareaguje na mój widok. Nie powinienem mu chyba wchodzić w drogę, dopóki nie rozstrzygnę moich spraw z orkami - do tego czasu powinien się już uspokoić.","Rada orkowych szamanów ponownie przyjęła w swe szeregi Ur-Shaka. Walczy on teraz po stronie wroga... Nie wiem, jak zareaguje na mój widok. Nie powinienem mu chyba wchodzić w drogę, dopóki nie rozstrzygnę moich spraw z orkami - do tego czasu powinien się już uspokoić.","","","topic_urshak_5","",""
"SCRIPTS/CONTENT/gothic.d:4567","Za buletkę wina","Za buletkę wina","","","topic_vino","",""
"SCRIPTS/CONTENT/gothic.d:4568","Paczuszka pełna ziela","Paczuszka pełna ziela","","","topic_warehouse","",""
"SCRIPTS/CONTENT/gothic.d:4569","Do dna","Do dna","","","topic_wettsaufen","",""
"SCRIPTS/CONTENT/gothic.d:4570","Szukający ognik","Szukający ognik","","","topic_wispdetector","",""
"SCRIPTS/CONTENT/gothic.d:4571","Zbroja pełzacza","Zbroja pełzacza","","","topic_wolf_bringcrawlerplates","",""
